 CASHFLOW [2022/2023],Jul-25,Aug-25,Sep-25,Oct-25,Nov-25,Dec-25,Jan-26,Feb-26,Mar-26,Apr-26,May-26,Jun-26,totals,
OPENING BALANCE," 64,712,525 ","USh38,220,575","USh44,779,575","USh34,032,675","USh35,712,675","USh35,712,675","USh35,712,675","USh35,712,675","USh35,712,675","USh35,712,675","USh35,712,675","USh35,712,675",,
Cash incoming,,,,,,,,,,,,,,
Savings,"USh4,075,000","USh5,325,000","USh5,150,000","USh2,300,000",USh0,USh0,USh0,USh0,USh0,USh0,USh0,USh0,"USh16,850,000",
Asset sales,,,,,,,,,,,,,USh0,
Welfare,"USh62,000","USh82,000","USh95,000","USh32,000",USh0,USh0,USh0,USh0,USh0,USh0,USh0,USh0,"USh271,000",
Fines,USh0,USh0,USh0,USh0,USh0,USh0,USh0,USh0,USh0,USh0,USh0,USh0,USh0,
Loan charges,USh0,"USh27,500","USh87,850",USh0,USh0,USh0,USh0,USh0,USh0,USh0,USh0,USh0,"USh115,350",
Educ in,"USh4,643,050","USh8,267,500","USh5,028,750","USh50,000",USh0,USh0,USh0,USh0,USh0,USh0,USh0,USh0,"USh17,989,300",
Subscription/membership,"USh520,000","USh250,000",USh0,USh0,USh0,USh0,USh0,USh0,USh0,USh0,USh0,USh0,"USh770,000",
Loan Forms,"USh25,000","USh5,000",USh0,USh0,USh0,USh0,USh0,USh0,USh0,USh0,USh0,USh0,"USh30,000",
Loan repayments,"USh6,765,000","USh5,235,700","USh4,062,000","USh1,200,000",USh0,USh0,USh0,USh0,USh0,USh0,USh0,USh0,"USh17,262,700",
Administration fees,,,,,,,,,,,,,USh0,
Investment profits,,,,,,,,,,,,,USh0,
Other incomes (specify),"USh500,000","USh500,000",USh0,USh0,USh0,USh0,USh0,USh0,USh0,USh0,USh0,USh0,"USh1,000,000",
Total incoming,"USh16,590,050","USh19,692,700","USh14,423,600","USh3,582,000",USh0,USh0,USh0,USh0,USh0,USh0,USh0,USh0,"USh54,288,350","USh54,288,350"
,,,,,,,,,,, ,,,
Cash outgoing,,,,,,,,,,,,,,
education out,"USh4,426,000","USh5,975,700","USh10,164,500","USh1,898,000",USh0,USh0,USh0,USh0,USh0,USh0,USh0,USh0,"USh22,464,200",
Loan disbursed,"USh34,450,000","USh7,000,000","USh15,000,000",USh0,USh0,USh0,USh0,USh0,USh0,USh0,USh0,USh0,"USh56,450,000",
legal/ Registration fees,,,,,,,,,,,,,USh0,
Advertising & marketing,,,,,,,,,,,,,USh0,
Bank fees & charges,,,,,,,,,,,,,USh0,
Acc/Audit fees,,,,,,,,,,,,,USh0,
Communication expenses,,,,,,,,,,,,,USh0,
"Utilities (electricity, gas, water)",,,,,,,,,,,,,USh0,
Telephone expenses,,,,,,,,,,,,,USh0,
Lease/loan payments,,,,,,,,,,,,,USh0,
Rent & rates,,,,,,,,,,,,,USh0,
Transport and Motor vehicle expenses,,,,,,,,,,,,,USh0,
Repairs & maintenance,,,,,,,,,,,,,USh0,
Stationery & printing,,,,,,,,,,,,,USh0,
Membership & affiliation fees,,,,,,,,,,,,,USh0,
Licensing,,,,,,,,,,,,,USh0,
Insurance,,,,,,,,,,,,,USh0,
Security Fees,,,,,,,,,,,,,USh0,
Income tax,,,,,,,,,,,,,USh0,
Wages (including PAYE),,,,,,,,,,,,,USh0,
More…,"USh4,206,000","USh158,000","USh6,000","USh4,000",USh0,USh0,USh0,USh0,USh0,USh0,USh0,USh0,"USh4,374,000",
Total outgoing,"USh43,082,000","USh13,133,700","USh25,170,500","USh1,902,000",USh0,USh0,USh0,USh0,USh0,USh0,USh0,USh0,"USh83,288,200","USh83,288,200"
,,,,,,,,,,,,,,
Monthly cash balance,"-USh26,491,950","USh6,559,000","-USh10,746,900","USh1,680,000",USh0,USh0,USh0,USh0,USh0,USh0,USh0,USh0,,
CLOSING BALANCE,"USh38,220,575","USh44,779,575","USh34,032,675","USh35,712,675","USh35,712,675","USh35,712,675","USh35,712,675","USh35,712,675","USh35,712,675","USh35,712,675","USh35,712,675","USh35,712,675",,
,,,,,,,,,,,,,,
