,Notes,2022/2023,,EXPENSES , 2024-2025 ,,INCOMES , 2024-2025 ,,,
,,Ushs,,STATIONERY," 115,000 ",,Subscription ," 165,000 ",0.9623%,,
ASSETS,,,,OPERATIONAL FACILITATIONS," 290,000 ",,Membership&Registration," 605,000 ",3.5285%,,
Cash and balances with Banks,2,"64,712,525",,FINANCIAL ," 190,000 ",,Loan forms," 30,000 ",0.1750%,,
Loans and advances to Members,,"101,633,433",,AUDIT," 500,000 ",,Fines," 95,000 ",0.5541%,,
Investment portifolio,,"8,133,040",,SYSTEM," 50,000 ",,Loan charges," 115,350 ",0.6728%,,
Other assets,3," 20,500,000 ",,AGM EXPENSES," 1,500,000 ",,Loan interest ," 6,311,540 ",36.8108%,,
,,"2,297,146",,GROUP IDs," 300,000 ",,ADMINISTRATION," 50,000 ",0.2916%,,
Total Assets,,"197,276,144",,Wedding contbn," 200,000 ",,Welfare," 1,174,000 ",6.8471%,,
,,,,TOTAL ," 2,945,000 ",,Investment profits," 8,600,000 ",50%,,
LIABILITIES,,,,LESS BY SUBSCRIPTION+FORMS," 195,000 ",,TOTAL ," 17,145,890 ",,,
Members deposits (Savings),,0,,REMAINING EXPENSE," 2,750,000 ",,,,,,
educ in,4,"3,124,410",,,,,SHARABLE INCOME," 9,071,890 ",,,
Proposed dividends,,"5,120,731",,investment portifolio growth,,,LESS BY REMAINING EXPENSES," 6,321,890 ",,,
,,,," 2,550,000.00 ",,,TITHE," 632,189 ",,,
Total liabilities,,"8,245,141",,,,,BAL," 5,689,701 ",,,
,,,,,,,EXECUTIVE (10%)," 568,970 ",,,
,,,,,,,NET SHAREABLE," 5,120,731 ",,,
EQUITY,,"189,031,003",,INVESTMENT TRACK SUMMERY as on ,,,,,,,
Retained earnings,,"10,430,185",,,,,,,,,
Total Equity and Liabilities,,"197,276,144",, INVESTED ,PARTNER 1,,,,,,
,,,," 1,000,000 ",,, RETURNS , PROFIT/PRINCIPLE BALANCE ,,,
,,,," 3,000,000 ",,," 1,600,000 ","-600,000 ",,,
,,,, ELLY ,PARTNER 2,," 4,500,000 ","-1,500,000 ",,,
,,,," 9,000,000 ",,,RETURNS,,,,
,,,,,,," 11,700,000 ","-2,700,000 ",,,
,,,,TINA,PARTNER 3,,,,,,
,,,,10000000,,,,,,,
,,,,,,," 3,500,000 "," 6,500,000 ",,,
,,,,,,,,,,,
,,,,Glory SACCO, partner 4 ,,," 14,000,000 ",,,
,,,,,,,,,,,
,,,,,,,,,,,
,,,,,,,ARREAR COLLECTIONS,,,,
,,,,,,,KIMBERLY," 150,000 ",,,
