,NAME,PHONE CONTACT,SAVINGS,WELFARE FUND PD,EDUCATION FUND,FINES (OUT - STANDING),FINES (COLLECTED),LOAN BAL,% SHARES,SAVINGS,S/FUND,FINED PAID,FINED,E/FUND IN,E/FUND OUT,REPAYMENTS,LOAN CHARGES,LOAN OUT,LOAN FORMS,MEMBERSHIP & SUBSCRPTION,OTHER INCOMES,OTHER EXPENSES,TOTAL,SAVINGS,S/FUND,FINED PAID,FINED,E/FUND IN,E/FUND OUT,REPAYMENTS,LOAN CHARGES,LOAN OUT,LOAN FORMS,MEMBERSHIP & SUBSCRPTION,OTHER INCOMES,OTHER EXPENSES,TOTAL,SAVINGS,S/FUND,FINED PAID,FINED,E/FUND IN,E/FUND OUT,REPAYMENTS,LOAN CHARGES,LOAN OUT,LOAN FORMS,MEMBERSHIP & SUBSCRPTION,OTHER INCOMES,OTHER EXPENSES,TOTAL,SAVINGS,S/FUND,FINED PAID,FINED,E/FUND IN,E/FUND OUT,REPAYMENTS,LOAN CHARGES,LOAN OUT,LOAN FORMS,MEMBERSHIP & SUBSCRPTION,OTHER INCOMES,OTHER EXPENSES,TOTAL,SAVINGS,S/FUND,FINED PAID,FINED,E/FUND IN,E/FUND OUT,REPAYMENTS,LOAN CHARGES,LOAN OUT,LOAN FORMS,MEMBERSHIP & SUBSCRPTION,OTHER INCOMES,OTHER EXPENSES,TOTAL,SAVINGS,S/FUND,FINED PAID,FINED,E/FUND IN,E/FUND OUT,REPAYMENTS,LOAN CHARGES,LOAN OUT,LOAN FORMS,MEMBERSHIP & SUBSCRPTION,OTHER INCOMES,OTHER EXPENSES,TOTAL,SAVINGS,S/FUND,FINED PAID,FINED,E/FUND IN,E/FUND OUT,REPAYMENTS,LOAN CHARGES,LOAN OUT,LOAN FORMS,MEMBERSHIP & SUBSCRPTION,OTHER INCOMES,OTHER EXPENSES,TOTAL,SAVINGS,S/FUND,FINED PAID,FINED,E/FUND IN,E/FUND OUT,REPAYMENTS,LOAN CHARGES,LOAN OUT,LOAN FORMS,MEMBERSHIP & SUBSCRPTION,OTHER INCOMES,OTHER EXPENSES,TOTAL,SAVINGS,S/FUND,FINED PAID,FINED,E/FUND IN,E/FUND OUT,REPAYMENTS,LOAN CHARGES,LOAN OUT,LOAN FORMS,MEMBERSHIP & SUBSCRPTION,OTHER INCOMES,OTHER EXPENSES,TOTAL,SAVINGS,S/FUND,FINED PAID,FINED,E/FUND IN,E/FUND OUT,REPAYMENTS,LOAN CHARGES,LOAN OUT,LOAN FORMS,MEMBERSHIP & SUBSCRPTION,OTHER INCOMES,OTHER EXPENSES,TOTAL,SAVINGS,S/FUND,FINED PAID,FINED,E/FUND IN,E/FUND OUT,REPAYMENTS,LOAN CHARGES,LOAN OUT,LOAN FORMS,MEMBERSHIP & SUBSCRPTION,OTHER INCOMES,OTHER EXPENSES,TOTAL,SAVINGS,S/FUND,FINED PAID,FINED,E/FUND IN,E/FUND OUT,REPAYMENTS,LOAN CHARGES,LOAN OUT,LOAN FORMS,MEMBERSHIP & SUBSCRPTION,OTHER INCOMES,OTHER EXPENSES,TOTAL,SAVINGS,S/FUND,FINED PAID,FINED,E/FUND IN,E/FUND OUT,REPAYMENTS,LOAN CHARGES,LOAN OUT,LOAN FORMS,MEMBERSHIP & SUBSCRPTION,OTHER INCOMES,OTHER EXPENSES,TOTAL,SAVINGS,S/FUND,FINED PAID,FINED,E/FUND IN,E/FUND OUT,REPAYMENTS,LOAN CHARGES,LOAN OUT,LOAN FORMS,MEMBERSHIP & SUBSCRPTION,OTHER INCOMES,OTHER EXPENSES,TOTAL,SAVINGS,S/FUND,FINED PAID,FINED,E/FUND IN,E/FUND OUT,REPAYMENTS,LOAN CHARGES,LOAN OUT,LOAN FORMS,MEMBERSHIP & SUBSCRPTION,OTHER INCOMES,OTHER EXPENSES,TOTAL,SAVINGS,S/FUND,FINED PAID,FINED,E/FUND IN,E/FUND OUT,REPAYMENTS,LOAN CHARGES,LOAN OUT,LOAN FORMS,MEMBERSHIP & SUBSCRPTION,OTHER INCOMES,OTHER EXPENSES,TOTAL,SAVINGS,S/FUND,FINED PAID,FINED,E/FUND IN,E/FUND OUT,REPAYMENTS,LOAN CHARGES,LOAN OUT,LOAN FORMS,MEMBERSHIP & SUBSCRPTION,OTHER INCOMES,OTHER EXPENSES,TOTAL,SAVINGS,S/FUND,FINED PAID,FINED,E/FUND IN,E/FUND OUT,REPAYMENTS,LOAN CHARGES,LOAN OUT,LOAN FORMS,MEMBERSHIP & SUBSCRPTION,OTHER INCOMES,OTHER EXPENSES,TOTAL,SAVINGS,S/FUND,FINED PAID,FINED,E/FUND IN,E/FUND OUT,REPAYMENTS,LOAN CHARGES,LOAN OUT,LOAN FORMS,MEMBERSHIP & SUBSCRPTION,OTHER INCOMES,OTHER EXPENSES,TOTAL,SAVINGS,S/FUND,FINED PAID,FINED,E/FUND IN,E/FUND OUT,REPAYMENTS,LOAN CHARGES,LOAN OUT,LOAN FORMS,MEMBERSHIP & SUBSCRPTION,OTHER INCOMES,OTHER EXPENSES,TOTAL,SAVINGS,S/FUND,FINED PAID,FINED,E/FUND IN,E/FUND OUT,REPAYMENTS,LOAN CHARGES,LOAN OUT,LOAN FORMS,MEMBERSHIP & SUBSCRPTION,OTHER INCOMES,OTHER EXPENSES,TOTAL,SAVINGS,S/FUND,FINED PAID,FINED,E/FUND IN,E/FUND OUT,REPAYMENTS,LOAN CHARGES,LOAN OUT,LOAN FORMS,MEMBERSHIP & SUBSCRPTION,OTHER INCOMES,OTHER EXPENSES,TOTAL,SAVINGS,S/FUND,FINED PAID,FINED,E/FUND IN,E/FUND OUT,REPAYMENTS,LOAN CHARGES,LOAN OUT,LOAN FORMS,MEMBERSHIP & SUBSCRPTION,OTHER INCOMES,OTHER EXPENSES,TOTAL,SAVINGS,S/FUND,FINED PAID,FINED,E/FUND IN,E/FUND OUT,REPAYMENTS,LOAN CHARGES,LOAN OUT,LOAN FORMS,MEMBERSHIP & SUBSCRPTION,OTHER INCOMES,OTHER EXPENSES,TOTAL,SAVINGS,S/FUND,FINED PAID,FINED,E/FUND IN,E/FUND OUT,REPAYMENTS,LOAN CHARGES,LOAN OUT,LOAN FORMS,MEMBERSHIP & SUBSCRPTION,OTHER INCOMES,OTHER EXPENSES,TOTAL,SAVINGS,S/FUND,FINED PAID,FINED,E/FUND IN,E/FUND OUT,REPAYMENTS,LOAN CHARGES,LOAN OUT,LOAN FORMS,MEMBERSHIP & SUBSCRPTION,OTHER INCOMES,OTHER EXPENSES,TOTAL,SAVINGS,S/FUND,FINED PAID,FINED,E/FUND IN,E/FUND OUT,REPAYMENTS,LOAN CHARGES,LOAN OUT,LOAN FORMS,MEMBERSHIP & SUBSCRPTION,OTHER INCOMES,OTHER EXPENSES,TOTAL,SAVINGS,S/FUND,FINED PAID,FINED,E/FUND IN,E/FUND OUT,REPAYMENTS,LOAN CHARGES,LOAN OUT,LOAN FORMS,MEMBERSHIP & SUBSCRPTION,OTHER INCOMES,OTHER EXPENSES,TOTAL,SAVINGS,S/FUND,FINED PAID,FINED,E/FUND IN,E/FUND OUT,REPAYMENTS,LOAN CHARGES,LOAN OUT,LOAN FORMS,MEMBERSHIP & SUBSCRPTION,OTHER INCOMES,OTHER EXPENSES,TOTAL,SAVINGS,S/FUND,FINED PAID,FINED,E/FUND IN,E/FUND OUT,REPAYMENTS,LOAN CHARGES,LOAN OUT,LOAN FORMS,MEMBERSHIP & SUBSCRPTION,OTHER INCOMES,OTHER EXPENSES,TOTAL,SAVINGS,S/FUND,FINED PAID,FINED,E/FUND IN,E/FUND OUT,REPAYMENTS,LOAN CHARGES,LOAN OUT,LOAN FORMS,MEMBERSHIP & SUBSCRPTION,OTHER INCOMES,OTHER EXPENSES,TOTAL,SAVINGS,S/FUND,FINED PAID,FINED,E/FUND IN,E/FUND OUT,REPAYMENTS,LOAN CHARGES,LOAN OUT,LOAN FORMS,MEMBERSHIP & SUBSCRPTION,OTHER INCOMES,OTHER EXPENSES,TOTAL,SAVINGS,S/FUND,FINED PAID,FINED,E/FUND IN,E/FUND OUT,REPAYMENTS,LOAN CHARGES,LOAN OUT,LOAN FORMS,MEMBERSHIP & SUBSCRPTION,OTHER INCOMES,OTHER EXPENSES,TOTAL,SAVINGS,S/FUND,FINED PAID,FINED,E/FUND IN,E/FUND OUT,REPAYMENTS,LOAN CHARGES,LOAN OUT,LOAN FORMS,MEMBERSHIP & SUBSCRPTION,OTHER INCOMES,OTHER EXPENSES,TOTAL,SAVINGS,S/FUND,FINED PAID,FINED,E/FUND IN,E/FUND OUT,REPAYMENTS,LOAN CHARGES,LOAN OUT,LOAN FORMS,MEMBERSHIP & SUBSCRPTION,OTHER INCOMES,OTHER EXPENSES,TOTAL,SAVINGS,S/FUND,FINED PAID,FINED,E/FUND IN,E/FUND OUT,REPAYMENTS,LOAN CHARGES,LOAN OUT,LOAN FORMS,MEMBERSHIP & SUBSCRPTION,OTHER INCOMES,OTHER EXPENSES,TOTAL,SAVINGS,S/FUND,FINED PAID,FINED,E/FUND IN,E/FUND OUT,REPAYMENTS,LOAN CHARGES,LOAN OUT,LOAN FORMS,MEMBERSHIP & SUBSCRPTION,OTHER INCOMES,OTHER EXPENSES,TOTAL,SAVINGS,S/FUND,FINED PAID,FINED,E/FUND IN,E/FUND OUT,REPAYMENTS,LOAN CHARGES,LOAN OUT,LOAN FORMS,MEMBERSHIP & SUBSCRPTION,OTHER INCOMES,OTHER EXPENSES,TOTAL,SAVINGS,S/FUND,FINED PAID,FINED,E/FUND IN,E/FUND OUT,REPAYMENTS,LOAN CHARGES,LOAN OUT,LOAN FORMS,MEMBERSHIP & SUBSCRPTION,OTHER INCOMES,OTHER EXPENSES,TOTAL,SAVINGS,S/FUND,FINED PAID,FINED,E/FUND IN,E/FUND OUT,REPAYMENTS,LOAN CHARGES,LOAN OUT,LOAN FORMS,MEMBERSHIP & SUBSCRPTION,OTHER INCOMES,OTHER EXPENSES,TOTAL,SAVINGS,S/FUND,FINED PAID,FINED,E/FUND IN,E/FUND OUT,REPAYMENTS,LOAN CHARGES,LOAN OUT,LOAN FORMS,MEMBERSHIP & SUBSCRPTION,OTHER INCOMES,OTHER EXPENSES,TOTAL,SAVINGS,S/FUND,FINED PAID,FINED,E/FUND IN,E/FUND OUT,REPAYMENTS,LOAN CHARGES,LOAN OUT,LOAN FORMS,MEMBERSHIP & SUBSCRPTION,OTHER INCOMES,OTHER EXPENSES,TOTAL,SAVINGS,S/FUND,FINED PAID,FINED,E/FUND IN,E/FUND OUT,REPAYMENTS,LOAN CHARGES,LOAN OUT,LOAN FORMS,MEMBERSHIP & SUBSCRPTION,OTHER INCOMES,OTHER EXPENSES,TOTAL,SAVINGS,S/FUND,FINED PAID,FINED,E/FUND IN,E/FUND OUT,REPAYMENTS,LOAN CHARGES,LOAN OUT,LOAN FORMS,MEMBERSHIP & SUBSCRPTION,OTHER INCOMES,OTHER EXPENSES,TOTAL,SAVINGS,S/FUND,FINED PAID,FINED,E/FUND IN,E/FUND OUT,REPAYMENTS,LOAN CHARGES,LOAN OUT,LOAN FORMS,MEMBERSHIP & SUBSCRPTION,OTHER INCOMES,OTHER EXPENSES,TOTAL,SAVINGS,S/FUND,FINED PAID,FINED,E/FUND IN,E/FUND OUT,REPAYMENTS,LOAN CHARGES,LOAN OUT,LOAN FORMS,MEMBERSHIP & SUBSCRPTION,OTHER INCOMES,OTHER EXPENSES,TOTAL,SAVINGS,S/FUND,FINED PAID,FINED,E/FUND IN,E/FUND OUT,REPAYMENTS,LOAN CHARGES,LOAN OUT,LOAN FORMS,MEMBERSHIP & SUBSCRPTION,OTHER INCOMES,OTHER EXPENSES,TOTAL,SAVINGS,S/FUND,FINED PAID,FINED,E/FUND IN,E/FUND OUT,REPAYMENTS,LOAN CHARGES,LOAN OUT,LOAN FORMS,MEMBERSHIP & SUBSCRPTION,OTHER INCOMES,OTHER EXPENSES,TOTAL,SAVINGS,S/FUND,FINED PAID,FINED,E/FUND IN,E/FUND OUT,REPAYMENTS,LOAN CHARGES,LOAN OUT,LOAN FORMS,MEMBERSHIP & SUBSCRPTION,OTHER INCOMES,OTHER EXPENSES,TOTAL,SAVINGS,S/FUND,FINED PAID,FINED,E/FUND IN,E/FUND OUT,REPAYMENTS,LOAN CHARGES,LOAN OUT,LOAN FORMS,MEMBERSHIP & SUBSCRPTION,OTHER INCOMES,OTHER EXPENSES,TOTAL,SAVINGS,S/FUND,FINED PAID,FINED,E/FUND IN,E/FUND OUT,REPAYMENTS,LOAN CHARGES,LOAN OUT,LOAN FORMS,MEMBERSHIP & SUBSCRPTION,OTHER INCOMES,OTHER EXPENSES,TOTAL,SAVINGS,S/FUND,FINED PAID,FINED,E/FUND IN,E/FUND OUT,REPAYMENTS,LOAN CHARGES,LOAN OUT,LOAN FORMS,MEMBERSHIP & SUBSCRPTION,OTHER INCOMES,OTHER EXPENSES,TOTAL,SAVINGS,S/FUND,FINED PAID,FINED,E/FUND IN,E/FUND OUT,REPAYMENTS,LOAN CHARGES,LOAN OUT,LOAN FORMS,MEMBERSHIP & SUBSCRPTION,OTHER INCOMES,OTHER EXPENSES,b 
 1 ,NATUKUNDA ANN,0755465682," 1,673,000 "," 14,000 "," 2,300 ", -   , -   ," (1,700,000)", 1.5 ," 75,000 "," 1,000 ",,," 105,550 "," (76,000)",,,,," 20,000 ",,," 125,550 "," 75,000 "," 1,000 ",,,," (76,000)",,,,,,,, -   ," 25,000 "," 1,000 ",,," 100,000 "," (26,000)",,," (2,000,000)"," 5,000 ",,,," (1,895,000)"," 25,000 "," 1,000 ",,,," (26,000)",,,,,,,, -   ," 25,000 "," 1,000 ",,," 104,000 "," (26,000)",,,,,,,," 104,000 "," 25,000 "," 1,000 ",,,," (26,000)",,,,,,,, -   ," 25,000 "," 1,000 ",,," 154,000 "," (26,000)",,,,,,,," 154,000 "," 25,000 "," 1,000 ",,,," (26,000)",,,,,,,, -   ," 25,000 "," 1,000 ",,,," (26,000)",,,,,,,, -   ," 25,000 "," 1,000 ",,,," (26,000)",,,,,,,, -   ," 25,000 "," 1,000 ",,,," (26,000)",,,,,,,, -   ," 25,000 "," 1,000 ",,,," (26,000)",,,,,,,, -   ," 25,000 "," 1,000 ",,,," (26,000)",,,,,,,, -   ," 25,000 "," 1,000 ",,,," (26,000)",,,,,,,, -   ,,,,,,," 500,000 ",,,,,,," 500,000 ",,,,,,,,,,,,,, -   ,,,,,,,,,,,,,, -   ,,,,,,,,,,,,,, -   ,,,,,,,,,,,,,, -   ,,,,,,,,,,,,,, -   ,,,,,,,,,,,,,, -   ,,,,,,,,,,,,,, -   ,,,,,,,,,,,,,, -   ,,,,,,,,,,,,,, -   ,,,,,,,,,,,,,, -   ,,,,,,,,,,,,,, -   ,,,,,,,,,,,,,, -   ,,,,,,,,,,,,,, -   ,,,,,,,,,,,,,, -   ,,,,,,,,,,,,,, -   ,,,,,,,,,,,,,, -   ,,,,,,,,,,,,,, -   ,,,,,,,,,,,,,, -   ,,,,,,,,,,,,,, -   ,,,,,,,,,,,,,, -   ,,,,,,,,,,,,,, -   ,,,,,,,,,,,,,, -   ,,,,,,,,,,,,,, -   ,,,,,,,,,,,,,, -   ,,,,,,,,,,,,,, -   ,,,,,,,,,,,,,, -   ,,,,,,,,,,,,,, -   ,,,,,,,,,,,,,, -   ,,,,,,,,,,,,,, -   ,,,,,,,,,,,,,, -   ,,,,,,,,,,,,,, -   ,,,,,,,,,,,,,, -   ,,,,,,,,,,,,,, -   ,,,,,,,,,,,,,, -   ,,,,,,,,,,,,,, -   ,,,,,,,,,,,,,, -   ,,,,,,,,,,,,,, -   ,,,,,,,,,,,,,, -   
 2 ,MWESIGYE JONAH,0702422010," 114,294 ", -   ," 15,000 ", -   , -   ," (2,537,000)", 0.1 ,,,,," 11,400 ",,,,,," 20,000 ",,," 31,400 ",,,,,,,,,,,,,, -   ,,,,,,,,,,,,,, -   ,,,,,,,,,,,,,, -   ,,,,,,,,,,,,,, -   ,,,,,,,,,,,,,, -   ,,,,,,,,,,,,,, -   ,,,,,,,,,,,,,, -   ,,,,,,,,,,,,,, -   ,,,,,,,,,,,,,, -   ,,,,,,,,,,,,,, -   ,,,,,,,,,,,,,, -   ,,,,,,,,,,,,,, -   ,,,,,,,,,,,,,, -   ,,,,,,,,,,,,,, -   ,,,,,,,,,,,,,, -   ,,,,,,,,,,,,,, -   ,,,,,,,,,,,,,, -   ,,,,,,,,,,,,,, -   ,,,,,,,,,,,,,, -   ,,,,,,,,,,,,,, -   ,,,,,,,,,,,,,, -   ,,,,,,,,,,,,,, -   ,,,,,,,,,,,,,, -   ,,,,,,,,,,,,,, -   ,,,,,,,,,,,,,, -   ,,,,,,,,,,,,,, -   ,,,,,,,,,,,,,, -   ,,,,,,,,,,,,,, -   ,,,,,,,,,,,,,, -   ,,,,,,,,,,,,,, -   ,,,,,,,,,,,,,, -   ,,,,,,,,,,,,,, -   ,,,,,,,,,,,,,, -   ,,,,,,,,,,,,,, -   ,,,,,,,,,,,,,, -   ,,,,,,,,,,,,,, -   ,,,,,,,,,,,,,, -   ,,,,,,,,,,,,,, -   ,,,,,,,,,,,,,, -   ,,,,,,,,,,,,,, -   ,,,,,,,,,,,,,, -   ,,,,,,,,,,,,,, -   ,,,,,,,,,,,,,, -   ,,,,,,,,,,,,,, -   ,,,,,,,,,,,,,, -   ,,,,,,,,,,,,,, -   ,,,,,,,,,,,,,, -   ,,,,,,,,,,,,,, -   ,,,,,,,,,,,,,, -   ,,,,,,,,,,,,,, -   ,,,,,,,,,,,,,, -   ,,,,,,,,,,,,,, -   
 3 ,CHRISTOPHER MWESIGE,0703783951," 2,753,050 ", -   ," 8,700 "," (12,000)", -   ," (5,390,000)", 2.5 ," 100,000 ",,," (1,000)", 100 ,,,,,," 20,000 ",,," 120,100 ",,,," (1,000)",,,,,,,,,, -   ,,,," (1,000)",,,,,,,,,, -   ,,,," (1,000)",,,,,,,,,, -   ,,,," (1,000)",,,,,,,,,, -   ,,,," (1,000)",,,,,,,,,, -   ,,,," (1,000)",,,,,,,,,, -   ,,,," (1,000)",,,,,,,,,, -   ,,,,,,,,,,,,,, -   ,,,," (1,000)",,,,,,,,,, -   ,,,," (1,000)",,,,,,,,,, -   ,,,," (1,000)",,,,,,,,,, -   ,,,," (1,000)",,,,,,,,,, -   ,,,,,,,,,,,,,, -   ,,,,,,,,,,,,,, -   ,,,,,,,,,,,,,, -   ,,,,,,,,,,,,,, -   ,,,,,,,,,,,,,, -   ,,,,,,,,,,,,,, -   ,,,,,,,,,,,,,, -   ,,,,,,,,,,,,,, -   ,,,,,,,,,,,,,, -   ,,,,,,,,,,,,,, -   ,,,,,,,,,,,,,, -   ,,,,,,,,,,,,,, -   ,,,,,,,,,,,,,, -   ,,,,,,,,,,,,,, -   ,,,,,,,,,,,,,, -   ,,,,,,,,,,,,,, -   ,,,,,,,,,,,,,, -   ,,,,,,,,,,,,,, -   ,,,,,,,,,,,,,, -   ,,,,,,,,,,,,,, -   ,,,,,,,,,,,,,, -   ,,,,,,,,,,,,,, -   ,,,,,,,,,,,,,, -   ,,,,,,,,,,,,,, -   ,,,,,,,,,,,,,, -   ,,,,,,,,,,,,,, -   ,,,,,,,,,,,,,, -   ,,,,,,,,,,,,,, -   ,,,,,,,,,,,,,, -   ,,,,,,,,,,,,,, -   ,,,,,,,,,,,,,, -   ,,,,,,,,,,,,,, -   ,,,,,,,,,,,,,, -   ,,,,,,,,,,,,,, -   ,,,,,,,,,,,,,, -   ,,,,,,,,,,,,,, -   ,,,,,,,,,,,,,, -   ,,,,,,,,,,,,,, -   ,,,,,,,,,,,,,, -   ,,,,,,,,,,,,,, -   
 4 ,KIMULI BASIL,0708586112," 4,840,476 ", -   ," 15,600 "," (9,000)", -   ," (5,300,000)", 4.3 ," 50,000 ",,,, 200 ,,,,,," 20,000 ",,," 70,200 ",,,," (1,000)",,,,,,,,,, -   ,,,," (1,000)",,,,,,,,,, -   ,,,," (1,000)",,," 800,000 ",,,,,,," 800,000 ",,,," (1,000)",,,,,,,,,, -   ,,,," (1,000)",,,,,,,,,, -   ,,,," (1,000)",,,,,,,,,, -   ,,,," (1,000)",,," 800,000 ",,,,,,," 800,000 ",,,,,,,,,,,,,, -   ,,,,,,,,,,,,,, -   ,,,," (1,000)",,,,,,,,,, -   ," 100,000 ",,,,,," 200,000 ",,,,,,," 300,000 ",,,," (1,000)",,," 600,000 ",,,,,,," 600,000 ",,,,,,,,,,,,,, -   ,,,,,,,,,,,,,, -   ,,,,,,,,,,,,,, -   ,,,,,,,,,,,,,, -   ,,,,,,,,,,,,,, -   ,,,,,,,,,,,,,, -   ,,,,,,,,,,,,,, -   ,,,,,,,,,,,,,, -   ,,,,,,,,,,,,,, -   ,,,,,,,,,,,,,, -   ,,,,,,,,,,,,,, -   ,,,,,,,,,,,,,, -   ,,,,,,,,,,,,,, -   ,,,,,,,,,,,,,, -   ,,,,,,,,,,,,,, -   ,,,,,,,,,,,,,, -   ,,,,,,,,,,,,,, -   ,,,,,,,,,,,,,, -   ,,,,,,,,,,,,,, -   ,,,,,,,,,,,,,, -   ,,,,,,,,,,,,,, -   ,,,,,,,,,,,,,, -   ,,,,,,,,,,,,,, -   ,,,,,,,,,,,,,, -   ,,,,,,,,,,,,,, -   ,,,,,,,,,,,,,, -   ,,,,,,,,,,,,,, -   ,,,,,,,,,,,,,, -   ,,,,,,,,,,,,,, -   ,,,,,,,,,,,,,, -   ,,,,,,,,,,,,,, -   ,,,,,,,,,,,,,, -   ,,,,,,,,,,,,,, -   ,,,,,,,,,,,,,, -   ,,,,,,,,,,,,,, -   ,,,,,,,,,,,,,, -   ,,,,,,,,,,,,,, -   ,,,,,,,,,,,,,, -   ,,,,,,,,,,,,,, -   ,,,,,,,,,,,,,, -   
 5 ,SERUNJOJI JOHN K,0706505274," 7,898,049 "," 15,000 "," 1,595,100 ", -   , -   ," (17,100,000)", 7.1 ," 50,000 "," 1,000 ",,, (800)," (51,000)",,,,," 20,000 ",,," 19,200 "," 50,000 "," 1,000 ",,,," (51,000)",,,,,,,, -   ," 50,000 "," 1,000 ",,,," (51,000)",,,,,,,, -   ," 50,000 "," 1,000 ",,,," (51,000)",,,,,,,, -   ," 50,000 "," 1,000 ",,,," (51,000)",,,,,,,, -   ," 50,000 "," 1,000 ",,,," (51,000)",,,,,,,, -   ," 50,000 "," 1,000 ",,,," (51,000)",,,,,,,, -   ," 125,000 "," 1,000 ",,,," (126,000)",,,,,,,, -   ," 125,000 "," 1,000 ",,," 500,000 "," (126,000)",,,,,,,," 500,000 "," 125,000 "," 1,000 ",,,," (126,000)",,,,,,,, -   ," 50,000 "," 1,000 ",,,," (4,051,000)",,," (15,000,000)",,,,," (19,000,000)"," 50,000 "," 1,000 ",,,," (51,000)",,,,,,,, -   ," 50,000 "," 1,000 ",,," 500,000 "," (51,000)",,,,,,,," 500,000 "," 50,000 "," 1,000 ",,,," (51,000)",,,,,,,, -   ," 50,000 "," 1,000 ",,,," (51,000)",,,,,,,, -   ,,,,,,,,,,,,,, -   ,,,,,,,,,,,,,, -   ,,,,,,,,,,,,,, -   ,,,,,,,,,,,,,, -   ,,,,,,,,,,,,,, -   ,,,,,,,,,,,,,, -   ,,,,,,,,,,,,,, -   ,,,,,,,,,,,,,, -   ,,,,,,,,,,,,,, -   ,,,,,,,,,,,,,, -   ,,,,,,,,,,,,,, -   ,,,,,,,,,,,,,, -   ,,,,,,,,,,,,,, -   ,,,,,,,,,,,,,, -   ,,,,,,,,,,,,,, -   ,,,,,,,,,,,,,, -   ,,,,,,,,,,,,,, -   ,,,,,,,,,,,,,, -   ,,,,,,,,,,,,,, -   ,,,,,,,,,,,,,, -   ,,,,,,,,,,,,,, -   ,,,,,,,,,,,,,, -   ,,,,,,,,,,,,,, -   ,,,,,,,,,,,,,, -   ,,,,,,,,,,,,,, -   ,,,,,,,,,,,,,, -   ,,,,,,,,,,,,,, -   ,,,,,,,,,,,,,, -   ,,,,,,,,,,,,,, -   ,,,,,,,,,,,,,, -   ,,,,,,,,,,,,,, -   ,,,,,,,,,,,,,, -   ,,,,,,,,,,,,,, -   ,,,,,,,,,,,,,, -   ,,,,,,,,,,,,,, -   ,,,,,,,,,,,,,, -   ,,,,,,,,,,,,,, -   ,,,,,,,,,,,,,, -   
 6 ,NAKIDDE SUZAN MAVIS,0772479805," 1,100,000 "," 11,000 ", -   , -   , -   , -   , 1.0 ,,,,,,,,,,,,,, -   ,,,,,,,,,,,,,, -   ,,,,,,,,,,,,,, -   ,,,,,,,,,,,,,, -   ," 100,000 ",,,,,,,,,," 125,000 ",,," 225,000 "," 100,000 "," 2,000 ",,,,,,,,,,,," 102,000 "," 100,000 "," 1,000 ",,,,,,,,,,,," 101,000 "," 100,000 "," 1,000 ",,,,,,,,,,,," 101,000 "," 100,000 "," 1,000 ",,,,,,,,,,,," 101,000 "," 100,000 "," 1,000 ",,,,,,,,,,,," 101,000 "," 100,000 "," 1,000 ",,,,,,,,,,,," 101,000 "," 75,000 "," 1,000 ",,,,,,,,,,,," 76,000 "," 125,000 "," 1,000 ",,,,,,,,,,,," 126,000 "," 100,000 "," 1,000 ",,,,,,,,,,,," 101,000 "," 100,000 "," 1,000 ",,,,,,,,,,,," 101,000 ",,,,,,,,,,,,,, -   ,,,,,,,,,,,,,, -   ,,,,,,,,,,,,,, -   ,,,,,,,,,,,,,, -   ,,,,,,,,,,,,,, -   ,,,,,,,,,,,,,, -   ,,,,,,,,,,,,,, -   ,,,,,,,,,,,,,, -   ,,,,,,,,,,,,,, -   ,,,,,,,,,,,,,, -   ,,,,,,,,,,,,,, -   ,,,,,,,,,,,,,, -   ,,,,,,,,,,,,,, -   ,,,,,,,,,,,,,, -   ,,,,,,,,,,,,,, -   ,,,,,,,,,,,,,, -   ,,,,,,,,,,,,,, -   ,,,,,,,,,,,,,, -   ,,,,,,,,,,,,,, -   ,,,,,,,,,,,,,, -   ,,,,,,,,,,,,,, -   ,,,,,,,,,,,,,, -   ,,,,,,,,,,,,,, -   ,,,,,,,,,,,,,, -   ,,,,,,,,,,,,,, -   ,,,,,,,,,,,,,, -   ,,,,,,,,,,,,,, -   ,,,,,,,,,,,,,, -   ,,,,,,,,,,,,,, -   ,,,,,,,,,,,,,, -   ,,,,,,,,,,,,,, -   ,,,,,,,,,,,,,, -   ,,,,,,,,,,,,,, -   ,,,,,,,,,,,,,, -   ,,,,,,,,,,,,,, -   ,,,,,,,,,,,,,, -   ,,,,,,,,,,,,,, -   ,,,,,,,,,,,,,, -   
 7 ,NASAAZI SHARON,0702043496," 7,872,800 "," 15,000 "," 152,800 ", -   , -   ," (8,304,000)", 7.0 ," 125,000 "," 1,000 ",,,800," (125,000)",,,,," 20,000 ",,," 21,800 "," 125,000 "," 1,000 ",,,," (125,000)",,,,,,,," 1,000 "," 125,000 "," 1,000 ",,,," (125,000)",,,,,,,," 1,000 "," 125,000 "," 1,000 ",,,," (125,000)"," 500,000 ",,,,,,," 501,000 "," 75,000 "," 1,000 ",,," 300,000 "," (75,000)",,,,,,,," 301,000 "," 75,000 "," 1,000 ",,,," (75,000)",,,,,,,," 1,000 "," 75,000 "," 1,000 ",,,," (75,000)",,,,,,,," 1,000 "," 50,000 "," 1,000 ",,,," (50,000)",,,,,,,," 1,000 "," 25,000 "," 1,000 ",,," 800,000 "," (525,000)"," 500,000 ",,,,,,," 801,000 "," 75,000 "," 1,000 ",,," 2,400 "," (75,000)",,,,,,,," 3,400 "," 75,000 "," 1,000 ",,,," (75,000)",,,,,,,," 1,000 "," 75,000 "," 1,000 ",,," 300,000 "," (75,000)"," 500,000 ",,,,,,," 801,000 "," 75,000 "," 1,000 ",,,," (75,000)",,,,,,,," 1,000 "," 75,000 "," 1,000 ",,,," (75,000)",,,,,,,," 1,000 "," 75,000 "," 1,000 ",,,," (75,000)",,,,,,,," 1,000 ",,,,,,,,,,,,,, -   ,,,,,,,,,,,,,, -   ,,,,,,,,,,,,,, -   ,,,,,,,,,,,,,, -   ,,,,,,,,,,,,,, -   ,,,,,,,,,,,,,, -   ,,,,,,,,,,,,,, -   ,,,,,,,,,,,,,, -   ,,,,,,,,,,,,,, -   ,,,,,,,,,,,,,, -   ,,,,,,,,,,,,,, -   ,,,,,,,,,,,,,, -   ,,,,,,,,,,,,,, -   ,,,,,,,,,,,,,, -   ,,,,,,,,,,,,,, -   ,,,,,,,,,,,,,, -   ,,,,,,,,,,,,,, -   ,,,,,,,,,,,,,, -   ,,,,,,,,,,,,,, -   ,,,,,,,,,,,,,, -   ,,,,,,,,,,,,,, -   ,,,,,,,,,,,,,, -   ,,,,,,,,,,,,,, -   ,,,,,,,,,,,,,, -   ,,,,,,,,,,,,,, -   ,,,,,,,,,,,,,, -   ,,,,,,,,,,,,,, -   ,,,,,,,,,,,,,, -   ,,,,,,,,,,,,,, -   ,,,,,,,,,,,,,, -   ,,,,,,,,,,,,,, -   ,,,,,,,,,,,,,, -   ,,,,,,,,,,,,,, -   ,,,,,,,,,,,,,, -   ,,,,,,,,,,,,,, -   ,,,,,,,,,,,,,, -   ,,,,,,,,,,,,,, -   ,,,,,,,,,,,,,, -   
 8 ,BASIRIKA AIDAH,07," 8,359,330 ", -   , -   , -   , -   ," (2,640,000)", 7.5 ," 125,000 ",,,," 1,400 ",,,,,," 20,000 ",,," 146,400 "," 125,000 ",,,," 500,000 "," (100,000)",,,,,,,," 525,000 "," 125,000 ",,,," 150,000 "," (250,000)",,,,,,,," 25,000 "," 125,000 ",,,," 1,000,000 "," (300,000)",,,,,,,," 825,000 "," 125,000 ",,,,," (250,000)",,,,,,,," (125,000)"," 125,000 ",,,," 650,000 "," (250,000)",,,,,,,," 525,000 "," 125,000 ",,,," 400,000 "," (250,000)",,,,,,,," 275,000 "," 125,000 ",,,,," (250,000)",,,,,,,," (125,000)"," 125,000 ",,,," 530,000 "," (580,000)"," 330,000 ",,,,,,," 405,000 "," 125,000 ",,,,," (352,400)",,,,,,,," (227,400)"," 125,000 ",,,,," (250,000)",,,,,,,," (125,000)"," 125,000 ",,,,," (250,000)",,,,,,,," (125,000)"," 125,000 ",,,," 930,000 "," (580,000)"," 330,000 ",,,,,,," 805,000 "," 125,000 ",,,,," (250,000)",,,,,,,," (125,000)"," 125,000 ",,,,," (250,000)",,,,,,,," (125,000)",,,,,,,,,,,,,, -   ,,,,,,,,,,,,,, -   ,,,,,,,,,,,,,, -   ,,,,,,,,,,,,,, -   ,,,,,,,,,,,,,, -   ,,,,,,,,,,,,,, -   ,,,,,,,,,,,,,, -   ,,,,,,,,,,,,,, -   ,,,,,,,,,,,,,, -   ,,,,,,,,,,,,,, -   ,,,,,,,,,,,,,, -   ,,,,,,,,,,,,,, -   ,,,,,,,,,,,,,, -   ,,,,,,,,,,,,,, -   ,,,,,,,,,,,,,, -   ,,,,,,,,,,,,,, -   ,,,,,,,,,,,,,, -   ,,,,,,,,,,,,,, -   ,,,,,,,,,,,,,, -   ,,,,,,,,,,,,,, -   ,,,,,,,,,,,,,, -   ,,,,,,,,,,,,,, -   ,,,,,,,,,,,,,, -   ,,,,,,,,,,,,,, -   ,,,,,,,,,,,,,, -   ,,,,,,,,,,,,,, -   ,,,,,,,,,,,,,, -   ,,,,,,,,,,,,,, -   ,,,,,,,,,,,,,, -   ,,,,,,,,,,,,,, -   ,,,,,,,,,,,,,, -   ,,,,,,,,,,,,,, -   ,,,,,,,,,,,,,, -   ,,,,,,,,,,,,,, -   ,,,,,,,,,,,,,, -   ,,,,,,,,,,,,,, -   ,,,,,,,,,,,,,, -   ,,,,,,,,,,,,,, -   
 9 ,KUKKIRIZA EMMANUEL,0706585569," 3,175,076 "," 13,000 "," 15,460 "," (2,000)", -   ," (2,284,560)", 2.8 ,,,," (1,000)"," 581,300 ",,,,,," 20,000 ",,," 601,300 ",,,," (1,000)",," (580,000)",,,,,,,," (580,000)"," 50,000 "," 1,000 ",,," 102,000 "," (51,000)",,,,,,,," 102,000 "," 50,000 "," 1,000 ",,,," (51,000)",,,,,,,, -   ," 50,000 "," 1,000 ",,," 102,000 "," (51,000)",,,,,,,," 102,000 "," 50,000 "," 1,000 ",,," 102,000 "," (51,000)",,,,,,,," 102,000 "," 50,000 "," 1,000 ",,,," (51,000)",,,,,,,, -   ," 50,000 "," 1,000 ",,,," (51,000)",,,,,,,, -   ," 50,000 "," 1,000 ",,," 102,000 "," (51,000)",,,,,,,," 102,000 "," 50,000 "," 1,000 ",,,," (51,000)",,,,,,,, -   ," 50,000 "," 1,000 ",,," 51,000 "," (51,000)",,,,,,,," 51,000 "," 50,000 "," 1,000 ",,," 153,000 "," (51,000)",,,,,,,," 153,000 "," 50,000 "," 1,000 ",,,," (51,000)",,,,,,,, -   ," 50,000 "," 1,000 ",,,," (51,000)",,,,,,,, -   ," 50,000 "," 1,000 ",,,," (51,000)",,,,,,,, -   ,,,,,,,,,,,,,, -   ,,,,,,,,,,,,,, -   ,,,,,,,,,,,,,, -   ,,,,,,,,,,,,,, -   ,,,,,,,,,,,,,, -   ,,,,,,,,,,,,,, -   ,,,,,,,,,,,,,, -   ,,,,,,,,,,,,,, -   ,,,,,,,,,,,,,, -   ,,,,,,,,,,,,,, -   ,,,,,,,,,,,,,, -   ,,,,,,,,,,,,,, -   ,,,,,,,,,,,,,, -   ,,,,,,,,,,,,,, -   ,,,,,,,,,,,,,, -   ,,,,,,,,,,,,,, -   ,,,,,,,,,,,,,, -   ,,,,,,,,,,,,,, -   ,,,,,,,,,,,,,, -   ,,,,,,,,,,,,,, -   ,,,,,,,,,,,,,, -   ,,,,,,,,,,,,,, -   ,,,,,,,,,,,,,, -   ,,,,,,,,,,,,,, -   ,,,,,,,,,,,,,, -   ,,,,,,,,,,,,,, -   ,,,,,,,,,,,,,, -   ,,,,,,,,,,,,,, -   ,,,,,,,,,,,,,, -   ,,,,,,,,,,,,,, -   ,,,,,,,,,,,,,, -   ,,,,,,,,,,,,,, -   ,,,,,,,,,,,,,, -   ,,,,,,,,,,,,,, -   ,,,,,,,,,,,,,, -   ,,,,,,,,,,,,,, -   ,,,,,,,,,,,,,, -   ,,,,,,,,,,,,,, -   
 10 ,NASASIRA DAVID,0708516759," 1,094,000 "," 2,000 "," 7,500 "," (3,000)", -   ," (600,000)", 1.0 ," 50,000 ",,,, 500 ,,,,,," 20,000 ",,," 70,500 "," 50,000 ",,,,,,,," (1,000,000)"," 5,000 ",,,," (945,000)"," 50,000 ",,,,,,,,,,,,," 50,000 "," 25,000 "," 1,000 ",,,,,,,,,,,," 26,000 "," 25,000 "," 1,000 ",,," 150,000 ",,,,,,,,," 176,000 "," 50,000 ", -   ,,,," (50,000)",,,,,,,, -   ," 50,000 ",,,,,,,,,,,,," 50,000 "," 100,000 ",,,,," (100,000)",,,,,,,, -   ," 50,000 ",,,,,," 300,000 ",,,,,,," 350,000 "," 50,000 ",,,,,,,,,,,,," 50,000 ",,,," (1,000)",,,,,,,,,, -   ,,,," (1,000)",,,,,,,,,, -   ,,,," (1,000)",,,,,,,,,, -   ," 25,000 ",,,,,," 200,000 ",,,,,,," 225,000 ",,,,,,,,,,,,,, -   ,,,,,,,,,,,,,, -   ,,,,,,,,,,,,,, -   ,,,,,,,,,,,,,, -   ,,,,,,,,,,,,,, -   ,,,,,,,,,,,,,, -   ,,,,,,,,,,,,,, -   ,,,,,,,,,,,,,, -   ,,,,,,,,,,,,,, -   ,,,,,,,,,,,,,, -   ,,,,,,,,,,,,,, -   ,,,,,,,,,,,,,, -   ,,,,,,,,,,,,,, -   ,,,,,,,,,,,,,, -   ,,,,,,,,,,,,,, -   ,,,,,,,,,,,,,, -   ,,,,,,,,,,,,,, -   ,,,,,,,,,,,,,, -   ,,,,,,,,,,,,,, -   ,,,,,,,,,,,,,, -   ,,,,,,,,,,,,,, -   ,,,,,,,,,,,,,, -   ,,,,,,,,,,,,,, -   ,,,,,,,,,,,,,, -   ,,,,,,,,,,,,,, -   ,,,,,,,,,,,,,, -   ,,,,,,,,,,,,,, -   ,,,,,,,,,,,,,, -   ,,,,,,,,,,,,,, -   ,,,,,,,,,,,,,, -   ,,,,,,,,,,,,,, -   ,,,,,,,,,,,,,, -   ,,,,,,,,,,,,,, -   ,,,,,,,,,,,,,, -   ,,,,,,,,,,,,,, -   ,,,,,,,,,,,,,, -   ,,,,,,,,,,,,,, -   ,,,,,,,,,,,,,, -   ,,,,,,,,,,,,,, -   
 11 ,JONAH MUHUMUZA,+971 54 754 9432," 2,891,000 "," 13,000 "," 55,100 ", -   , -   ," (2,310,000)", 2.6 ," 50,000 "," 1,000 ",,," 365,000 "," (51,000)"," 660,000 ",,,," 20,000 ",,," 1,045,000 "," 50,000 "," 1,000 ",,,," (51,000)",,,,,,,, -   ," 50,000 "," 1,000 ",,,," (51,000)",,,,,,,, -   ," 50,000 "," 1,000 ",,,," (51,000)",,,,,,,, -   ," 50,000 "," 1,000 ",,," 100,000 "," (51,000)",,,,,,,," 100,000 "," 50,000 "," 1,000 ",,,," (51,000)",,,,,,,, -   ," 50,000 "," 1,000 ",,,," (51,000)",,,,,,,, -   ," 50,000 "," 1,000 ",,,," (51,000)",,,,,,,, -   ," 50,000 "," 1,000 ",,,," (51,000)",,,,,,,, -   ," 25,000 "," 1,000 ",,," 100,000 "," (26,000)",,,,,,,," 100,000 "," 25,000 "," 1,000 ",,,," (26,000)",,,,,,,, -   ," 25,000 "," 1,000 ",,,," (26,000)",,,,,,,, -   ," 25,000 "," 1,000 ",,,," (26,000)",,,,,,,, -   ,,,,,,,,,,,,,, -   ," 25,000 ",,,," 50,000 ",,,,,,,,," 75,000 ",,,,,,,,,,,,,, -   ,,,,,,,,,,,,,, -   ,,,,,,,,,,,,,, -   ,,,,,,,,,,,,,, -   ,,,,,,,,,,,,,, -   ,,,,,,,,,,,,,, -   ,,,,,,,,,,,,,, -   ,,,,,,,,,,,,,, -   ,,,,,,,,,,,,,, -   ,,,,,,,,,,,,,, -   ,,,,,,,,,,,,,, -   ,,,,,,,,,,,,,, -   ,,,,,,,,,,,,,, -   ,,,,,,,,,,,,,, -   ,,,,,,,,,,,,,, -   ,,,,,,,,,,,,,, -   ,,,,,,,,,,,,,, -   ,,,,,,,,,,,,,, -   ,,,,,,,,,,,,,, -   ,,,,,,,,,,,,,, -   ,,,,,,,,,,,,,, -   ,,,,,,,,,,,,,, -   ,,,,,,,,,,,,,, -   ,,,,,,,,,,,,,, -   ,,,,,,,,,,,,,, -   ,,,,,,,,,,,,,, -   ,,,,,,,,,,,,,, -   ,,,,,,,,,,,,,, -   ,,,,,,,,,,,,,, -   ,,,,,,,,,,,,,, -   ,,,,,,,,,,,,,, -   ,,,,,,,,,,,,,, -   ,,,,,,,,,,,,,, -   ,,,,,,,,,,,,,, -   ,,,,,,,,,,,,,, -   ,,,,,,,,,,,,,, -   ,,,,,,,,,,,,,, -   ,,,,,,,,,,,,,, -   
 12 ,SSEMWOGERERE DOUGLAS,0752520684," 6,993,000 "," 10,000 "," 53,800 "," (5,000)", -   , 200 , 6.2 ," 50,000 "," 1,000 ",,," 153,300 "," (71,000)",,,,," 20,000 ",,," 153,300 "," 50,000 "," 1,000 ",,,," (51,000)",,,,,,,, -   ," 25,000 "," 1,000 ",,," 20,000 "," (26,000)",,,,,,,," 20,000 "," 25,000 "," 1,000 ",,,," (26,000)",,,,,,,, -   ,,,," (1,000)",,,,,,,,,, -   ,,,," (1,000)",,,,,,,,,, -   ,,,," (1,000)",,,,,,,,,, -   ,,,," (1,000)",,,,,,,,,, -   ,,,," (1,000)"," 166,500 ",," 1,635,000 "," 27,500 ",,,,,," 1,829,000 "," 50,000 "," 1,000 ",,,," (51,000)",,,,,,,, -   ," 25,000 "," 1,000 ",,,," (26,000)",,,,,,,, -   ," 25,000 "," 1,000 ",,,," (26,000)",,,,,,,, -   ," 75,000 "," 1,000 ",,," 129,000 "," (76,000)",,,,,,,," 129,000 "," 50,000 "," 1,000 ",,,," (51,000)",,,,,,,, -   ," 25,000 "," 1,000 ",,,," (26,000)",,,,,,,, -   ,,,,,,,,,,,,,, -   ,,,,,,,,,,,,,, -   ,,,,,,,,,,,,,, -   ,,,,,,,,,,,,,, -   ,,,,,,,,,,,,,, -   ,,,,,,,,,,,,,, -   ,,,,,,,,,,,,,, -   ,,,,,,,,,,,,,, -   ,,,,,,,,,,,,,, -   ,,,,,,,,,,,,,, -   ,,,,,,,,,,,,,, -   ,,,,,,,,,,,,,, -   ,,,,,,,,,,,,,, -   ,,,,,,,,,,,,,, -   ,,,,,,,,,,,,,, -   ,,,,,,,,,,,,,, -   ,,,,,,,,,,,,,, -   ,,,,,,,,,,,,,, -   ,,,,,,,,,,,,,, -   ,,,,,,,,,,,,,, -   ,,,,,,,,,,,,,, -   ,,,,,,,,,,,,,, -   ,,,,,,,,,,,,,, -   ,,,,,,,,,,,,,, -   ,,,,,,,,,,,,,, -   ,,,,,,,,,,,,,, -   ,,,,,,,,,,,,,, -   ,,,,,,,,,,,,,, -   ,,,,,,,,,,,,,, -   ,,,,,,,,,,,,,, -   ,,,,,,,,,,,,,, -   ,,,,,,,,,,,,,, -   ,,,,,,,,,,,,,, -   ,,,,,,,,,,,,,, -   ,,,,,,,,,,,,,, -   ,,,,,,,,,,,,,, -   ,,,,,,,,,,,,,, -   ,,,,,,,,,,,,,, -   
 13 ,MAGALA MARVIN,0754129620," 13,372,000 "," 10,000 "," 54,200 "," (7,000)", -   ," (28,158,000)", 11.9 ," 50,000 "," 1,000 ",,," 153,700 "," (71,000)",,,," 5,000 "," 20,000 ",,," 158,700 "," 50,000 "," 1,000 ",,,," (51,000)",,,,,,,, -   ," 25,000 "," 1,000 ",,," 20,000 "," (26,000)",,," (26,000,000)",,,,," (25,980,000)"," 25,000 "," 1,000 ",,,," (26,000)",,,,,,,, -   ,,,," (1,000)",,,,,,,,,, -   ,,,," (1,000)",,,,,,,,,, -   ,,,," (1,000)",,,,,,,,,, -   ,,,," (1,000)",,,,,,,,,, -   ,,,," (1,000)"," 129,000 ",,,,,,,,," 129,000 "," 50,000 "," 1,000 ",," (1,000)",," (51,000)",,,,,,,, -   ," 25,000 "," 1,000 ",," (1,000)",," (26,000)",,,,,,,, -   ," 25,000 "," 1,000 ",,,," (26,000)",,,,,,,, -   ," 25,000 "," 1,000 ",,," 1,685,100 "," (1,582,100)"," 1,482,000 "," 74,100 ",,,,,," 1,685,100 "," 50,000 "," 1,000 ",,,," (51,000)",,,,,,,, -   ," 25,000 "," 1,000 ",,,," (26,000)",,,,,,,, -   ,,,,,,,,,,,,,, -   ,,,,,,,,,,,,,, -   ,,,,,,,,,,,,,, -   ,,,,,,,,,,,,,, -   ,,,,,,,,,,,,,, -   ,,,,,,,,,,,,,, -   ,,,,,,,,,,,,,, -   ,,,,,,,,,,,,,, -   ,,,,,,,,,,,,,, -   ,,,,,,,,,,,,,, -   ,,,,,,,,,,,,,, -   ,,,,,,,,,,,,,, -   ,,,,,,,,,,,,,, -   ,,,,,,,,,,,,,, -   ,,,,,,,,,,,,,, -   ,,,,,,,,,,,,,, -   ,,,,,,,,,,,,,, -   ,,,,,,,,,,,,,, -   ,,,,,,,,,,,,,, -   ,,,,,,,,,,,,,, -   ,,,,,,,,,,,,,, -   ,,,,,,,,,,,,,, -   ,,,,,,,,,,,,,, -   ,,,,,,,,,,,,,, -   ,,,,,,,,,,,,,, -   ,,,,,,,,,,,,,, -   ,,,,,,,,,,,,,, -   ,,,,,,,,,,,,,, -   ,,,,,,,,,,,,,, -   ,,,,,,,,,,,,,, -   ,,,,,,,,,,,,,, -   ,,,,,,,,,,,,,, -   ,,,,,,,,,,,,,, -   ,,,,,,,,,,,,,, -   ,,,,,,,,,,,,,, -   ,,,,,,,,,,,,,, -   ,,,,,,,,,,,,,, -   ,,,,,,,,,,,,,, -   
 14 ,BABIRYE CLAIRE,minor," 1,059,296 "," 3,000 "," 4,500 "," (10,000)", -   ," (2,200,000)", 0.9 ," 25,000 "," 1,000 ",,," 29,500 "," (26,000)",,,,," 20,000 ",,," 49,500 ",,,," (1,000)",,,,,,,,,, -   ,,,," (1,000)",,,,,,,,,, -   ,,,," (1,000)",,,,,,,,,, -   ,,,," (1,000)",,,,,,,,,, -   ,,,," (1,000)",,,,,,,,,, -   ,,,," (1,000)",,,,,,,,,, -   ,,,," (1,000)",,,,,,,,,, -   ,,,," (1,000)",,,,,,,,,, -   ," 25,000 "," 1,000 ",,," 40,000 "," (26,000)",," 13,750 ",,,,,," 53,750 "," 25,000 "," 1,000 ",,,," (26,000)",,,,,,,, -   ,,,," (1,000)",,,,,,,,,, -   ,,,," (1,000)",,,,,,,,,, -   ,,,,,,,,,,,,,, -   ,,,,,,,,,,,,,, -   ,,,,,,,,,,,,,, -   ,,,,,,,,,,,,,, -   ,,,,,,,,,,,,,, -   ,,,,,,,,,,,,,, -   ,,,,,,,,,,,,,, -   ,,,,,,,,,,,,,, -   ,,,,,,,,,,,,,, -   ,,,,,,,,,,,,,, -   ,,,,,,,,,,,,,, -   ,,,,,,,,,,,,,, -   ,,,,,,,,,,,,,, -   ,,,,,,,,,,,,,, -   ,,,,,,,,,,,,,, -   ,,,,,,,,,,,,,, -   ,,,,,,,,,,,,,, -   ,,,,,,,,,,,,,, -   ,,,,,,,,,,,,,, -   ,,,,,,,,,,,,,, -   ,,,,,,,,,,,,,, -   ,,,,,,,,,,,,,, -   ,,,,,,,,,,,,,, -   ,,,,,,,,,,,,,, -   ,,,,,,,,,,,,,, -   ,,,,,,,,,,,,,, -   ,,,,,,,,,,,,,, -   ,,,,,,,,,,,,,, -   ,,,,,,,,,,,,,, -   ,,,,,,,,,,,,,, -   ,,,,,,,,,,,,,, -   ,,,,,,,,,,,,,, -   ,,,,,,,,,,,,,, -   ,,,,,,,,,,,,,, -   ,,,,,,,,,,,,,, -   ,,,,,,,,,,,,,, -   ,,,,,,,,,,,,,, -   ,,,,,,,,,,,,,, -   ,,,,,,,,,,,,,, -   ,,,,,,,,,,,,,, -   
 15 ,NANCY KAZIBWE,0701641908," 3,048,250 "," 2,000 "," 7,850 "," (11,000)", -   , -   , 2.7 ,,,," (1,000)"," 19,100 ",,,,,," 20,000 ",,," 39,100 ",,,," (1,000)",,,,,,,,,, -   ,,,," (1,000)",,,,,,,,,, -   ,,,," (1,000)",,,,,,,,,, -   ,,,," (1,000)",,," 500,000 ",,,,,,," 500,000 ",,,," (1,000)",,,,,,,,,, -   ,,,," (1,000)",,,,,,,,,, -   ,,,," (1,000)",,,,,,,,,, -   ,,,," (1,000)",,,,,,,,,, -   ," 25,000 "," 1,000 ",,," 36,250 "," (26,000)"," 50,000 ",,,,,,," 86,250 "," 25,000 "," 1,000 ",,,," (26,000)",,,,,,,, -   ,,,," (1,000)",,,,,,,,,, -   ,,,," (1,000)",,,,,,,,,, -   ,,,,,,,,,,,,,, -   ,,,,,,,,,,,,,, -   ,,,,,,,,,,,,,, -   ,,,,,,,,,,,,,, -   ,,,,,,,,,,,,,, -   ,,,,,,,,,,,,,, -   ,,,,,,,,,,,,,, -   ,,,,,,,,,,,,,, -   ,,,,,,,,,,,,,, -   ,,,,,,,,,,,,,, -   ,,,,,,,,,,,,,, -   ,,,,,,,,,,,,,, -   ,,,,,,,,,,,,,, -   ,,,,,,,,,,,,,, -   ,,,,,,,,,,,,,, -   ,,,,,,,,,,,,,, -   ,,,,,,,,,,,,,, -   ,,,,,,,,,,,,,, -   ,,,,,,,,,,,,,, -   ,,,,,,,,,,,,,, -   ,,,,,,,,,,,,,, -   ,,,,,,,,,,,,,, -   ,,,,,,,,,,,,,, -   ,,,,,,,,,,,,,, -   ,,,,,,,,,,,,,, -   ,,,,,,,,,,,,,, -   ,,,,,,,,,,,,,, -   ,,,,,,,,,,,,,, -   ,,,,,,,,,,,,,, -   ,,,,,,,,,,,,,, -   ,,,,,,,,,,,,,, -   ,,,,,,,,,,,,,, -   ,,,,,,,,,,,,,, -   ,,,,,,,,,,,,,, -   ,,,,,,,,,,,,,, -   ,,,,,,,,,,,,,, -   ,,,,,,,,,,,,,, -   ,,,,,,,,,,,,,, -   ,,,,,,,,,,,,,, -   ,,,,,,,,,,,,,, -   
 16 ,SSENYUNGULE SHARIF,0753633015," 2,592,815 "," 4,000 ", 500 ," (8,000)", -   ," (4,717,100)", 2.3 ,,,," (1,000)"," 2,700 ",,,,,," 20,000 ",,," 22,700 ",,,," (1,000)",,,,,,,,,, -   ,,,," (1,000)",,,,,,,,,, -   ,,,," (1,000)",,,,,,,,,, -   ," 25,000 "," 1,000 ",,," 400,000 "," (316,700)"," 290,700 ",,,,,,," 400,000 "," 25,000 "," 1,000 ",,,," (26,000)",,,,,,,, -   ," 25,000 "," 1,000 ",,,," (26,000)",,,,,,,, -   ," 25,000 "," 1,000 ",,,," (26,000)",,,,,,,, -   ," 25,000 ",,,,," (25,000)",,,,,,,, -   ,,,," (1,000)",,,,,,,,,, -   ,,,," (1,000)",,,,,,,,,, -   ,,,," (1,000)",,,,,,,,,, -   ,,,," (1,000)",,,,,,,,,, -   ,,,,,,,,,,,,,, -   ,,,,,,,,,,,,,, -   ,,,,,,,,,,,,,, -   ,,,,,,,,,,,,,, -   ,,,,,,,,,,,,,, -   ,,,,,,,,,,,,,, -   ,,,,,,,,,,,,,, -   ,,,,,,,,,,,,,, -   ,,,,,,,,,,,,,, -   ,,,,,,,,,,,,,, -   ,,,,,,,,,,,,,, -   ,,,,,,,,,,,,,, -   ,,,,,,,,,,,,,, -   ,,,,,,,,,,,,,, -   ,,,,,,,,,,,,,, -   ,,,,,,,,,,,,,, -   ,,,,,,,,,,,,,, -   ,,,,,,,,,,,,,, -   ,,,,,,,,,,,,,, -   ,,,,,,,,,,,,,, -   ,,,,,,,,,,,,,, -   ,,,,,,,,,,,,,, -   ,,,,,,,,,,,,,, -   ,,,,,,,,,,,,,, -   ,,,,,,,,,,,,,, -   ,,,,,,,,,,,,,, -   ,,,,,,,,,,,,,, -   ,,,,,,,,,,,,,, -   ,,,,,,,,,,,,,, -   ,,,,,,,,,,,,,, -   ,,,,,,,,,,,,,, -   ,,,,,,,,,,,,,, -   ,,,,,,,,,,,,,, -   ,,,,,,,,,,,,,, -   ,,,,,,,,,,,,,, -   ,,,,,,,,,,,,,, -   ,,,,,,,,,,,,,, -   ,,,,,,,,,,,,,, -   ,,,,,,,,,,,,,, -   ,,,,,,,,,,,,,, -   
 17 ,MUHIIRWE MADIINAH,0752542626," 5,414,050 "," 8,000 "," 4,600 "," (5,000)", -   ," (2,578,750)", 4.8 ," 25,000 "," 1,000 ",,," 1,600 "," (26,000)"," 500,000 ",,,," 20,000 ",,," 521,600 "," 25,000 "," 1,000 ",,,," (26,000)",,,,,,,, -   ," 25,000 "," 1,000 ",,,," (26,000)",,,,,,,, -   ," 25,000 "," 1,000 ",,,," (26,000)",,,,,,,, -   ," 25,000 "," 1,000 ",,," 104,000 "," (26,000)",,,,,,,," 104,000 "," 25,000 "," 1,000 ",,,," (26,000)",,,,,,,, -   ," 25,000 "," 1,000 ",,,," (26,000)",,,,,,,, -   ," 25,000 "," 1,000 ",,,," (26,000)",,,,,,,, -   ,,,," (1,000)",,,,,,,,,, -   ,,,," (1,000)",,," 500,000 ",,,,,,," 500,000 ",,,," (1,000)",,,,,,,,,, -   ,,,," (1,000)",,,,,,,,,, -   ,,,," (1,000)",,,,,,,,,, -   ,,,,,,,,,,,,,, -   ,,,,,,," 500,000 ",,,,,,," 500,000 ",,,,,,,,,,,,,, -   ,,,,,,,,,,,,,, -   ,,,,,,,,,,,,,, -   ,,,,,,,,,,,,,, -   ,,,,,,,,,,,,,, -   ,,,,,,,,,,,,,, -   ,,,,,,,,,,,,,, -   ,,,,,,,,,,,,,, -   ,,,,,,,,,,,,,, -   ,,,,,,,,,,,,,, -   ,,,,,,,,,,,,,, -   ,,,,,,,,,,,,,, -   ,,,,,,,,,,,,,, -   ,,,,,,,,,,,,,, -   ,,,,,,,,,,,,,, -   ,,,,,,,,,,,,,, -   ,,,,,,,,,,,,,, -   ,,,,,,,,,,,,,, -   ,,,,,,,,,,,,,, -   ,,,,,,,,,,,,,, -   ,,,,,,,,,,,,,, -   ,,,,,,,,,,,,,, -   ,,,,,,,,,,,,,, -   ,,,,,,,,,,,,,, -   ,,,,,,,,,,,,,, -   ,,,,,,,,,,,,,, -   ,,,,,,,,,,,,,, -   ,,,,,,,,,,,,,, -   ,,,,,,,,,,,,,, -   ,,,,,,,,,,,,,, -   ,,,,,,,,,,,,,, -   ,,,,,,,,,,,,,, -   ,,,,,,,,,,,,,, -   ,,,,,,,,,,,,,, -   ,,,,,,,,,,,,,, -   ,,,,,,,,,,,,,, -   ,,,,,,,,,,,,,, -   ,,,,,,,,,,,,,, -   
 18 ,ROSE NAKALEMA,0705279439," 4,705,000 "," 12,000 ", 800 ," (1,000)", -   , -   , 4.2 ," 25,000 "," 1,000 ",,," 203,800 "," (26,000)"," 4,200,000 ",,,," 20,000 ",," (4,200,000)"," 4,423,800 "," 25,000 "," 1,000 ",,,," (26,000)",,,,,,,, -   ," 25,000 "," 1,000 ",,,," (26,000)",,,,,,,, -   ," 25,000 "," 1,000 ",,,," (26,000)",,,,,,,, -   ," 25,000 "," 1,000 ",,,," (26,000)",,,,,,,, -   ," 25,000 "," 1,000 ",,,," (26,000)",,,,,,,, -   ," 25,000 "," 1,000 ",,,," (26,000)",,,,,,,, -   ," 25,000 ",,,,," (25,000)",,,,,,,, -   ,,,," (1,000)",,,,,,,,,, -   ," 25,000 "," 1,000 ",,," 130,000 "," (26,000)",,,,,,,," 130,000 "," 25,000 "," 1,000 ",,,," (26,000)",,,,,,,, -   ," 25,000 "," 1,000 ",,,," (26,000)",,,,,,,, -   ," 25,000 "," 1,000 ",,,," (26,000)",,,,,,,, -   ," 25,000 "," 1,000 ",,,," (26,000)",,,,,,,, -   ,,,,,,,,,,,,,, -   ,,,,,,,,,,,,,, -   ,,,,,,,,,,,,,, -   ,,,,,,,,,,,,,, -   ,,,,,,,,,,,,,, -   ,,,,,,,,,,,,,, -   ,,,,,,,,,,,,,, -   ,,,,,,,,,,,,,, -   ,,,,,,,,,,,,,, -   ,,,,,,,,,,,,,, -   ,,,,,,,,,,,,,, -   ,,,,,,,,,,,,,, -   ,,,,,,,,,,,,,, -   ,,,,,,,,,,,,,, -   ,,,,,,,,,,,,,, -   ,,,,,,,,,,,,,, -   ,,,,,,,,,,,,,, -   ,,,,,,,,,,,,,, -   ,,,,,,,,,,,,,, -   ,,,,,,,,,,,,,, -   ,,,,,,,,,,,,,, -   ,,,,,,,,,,,,,, -   ,,,,,,,,,,,,,, -   ,,,,,,,,,,,,,, -   ,,,,,,,,,,,,,, -   ,,,,,,,,,,,,,, -   ,,,,,,,,,,,,,, -   ,,,,,,,,,,,,,, -   ,,,,,,,,,,,,,, -   ,,,,,,,,,,,,,, -   ,,,,,,,,,,,,,, -   ,,,,,,,,,,,,,, -   ,,,,,,,,,,,,,, -   ,,,,,,,,,,,,,, -   ,,,,,,,,,,,,,, -   ,,,,,,,,,,,,,, -   ,,,,,,,,,,,,,, -   ,,,,,,,,,,,,,, -   ,,,,,,,,,,,,,, -   
 19 ,NAMAKULA BRIDGET,0708129611," 6,446,000 "," 10,000 "," 9,300 "," (8,000)", -   ," (7,700,000)", 5.8 ,,,," (1,000)"," 7,200 ",,,,,," 20,000 ",,," 27,200 ",,,," (1,000)",,,,,,,,,, -   ,,,," (1,000)",,,,,,,,,, -   ,,,," (1,000)",,,,,,,,,, -   ," 25,000 "," 1,000 ",,," 515,000 "," (411,000)"," 385,000 ",,,,,,," 515,000 "," 25,000 "," 1,000 ",,,," (26,000)",,,,,,,, -   ," 25,000 "," 1,000 ",,,," (26,000)",,,,,,,, -   ," 25,000 "," 1,000 ",,,," (26,000)",,,,,,,, -   ," 25,000 "," 1,000 ",,,," (26,000)"," 385,000 ",," (7,000,000)"," 5,000 ",,,," (6,610,000)",," 5,000 ",," (1,000)",," (5,000)",,,,,,,, -   ,,,," (1,000)",,,,,,,,,, -   ,,,," (1,000)",,,,,,,,,, -   ,,,," (1,000)",,,,,,,,,, -   ,,,,,,,,,,,,,, -   ,,,,,,,,,,,,,, -   ,,,,,,,,,,,,,, -   ,,,,,,,,,,,,,, -   ,,,,,,,,,,,,,, -   ,,,,,,,,,,,,,, -   ,,,,,,,,,,,,,, -   ,,,,,,,,,,,,,, -   ,,,,,,,,,,,,,, -   ,,,,,,,,,,,,,, -   ,,,,,,,,,,,,,, -   ,,,,,,,,,,,,,, -   ,,,,,,,,,,,,,, -   ,,,,,,,,,,,,,, -   ,,,,,,,,,,,,,, -   ,,,,,,,,,,,,,, -   ,,,,,,,,,,,,,, -   ,,,,,,,,,,,,,, -   ,,,,,,,,,,,,,, -   ,,,,,,,,,,,,,, -   ,,,,,,,,,,,,,, -   ,,,,,,,,,,,,,, -   ,,,,,,,,,,,,,, -   ,,,,,,,,,,,,,, -   ,,,,,,,,,,,,,, -   ,,,,,,,,,,,,,, -   ,,,,,,,,,,,,,, -   ,,,,,,,,,,,,,, -   ,,,,,,,,,,,,,, -   ,,,,,,,,,,,,,, -   ,,,,,,,,,,,,,, -   ,,,,,,,,,,,,,, -   ,,,,,,,,,,,,,, -   ,,,,,,,,,,,,,, -   ,,,,,,,,,,,,,, -   ,,,,,,,,,,,,,, -   ,,,,,,,,,,,,,, -   ,,,,,,,,,,,,,, -   ,,,,,,,,,,,,,, -   ,,,,,,,,,,,,,, -   
 20 ,BUZZI WC,0704825796," 3,514,000 "," 15,000 "," 8,200 ", -   , -   , 0 , 3.1 ," 50,000 "," 1,000 ",,," 5,800 ",,,,,," 20,000 ",,," 76,800 "," 50,000 "," 1,000 ",,,,,,,,,,,," 51,000 "," 50,000 "," 1,000 ",,,,,,,,,,,," 51,000 "," 50,000 "," 1,000 ",,,,,,,,,," 500,000 ",," 51,000 "," 50,000 "," 1,000 ",,,,,,,,,,,," 51,000 "," 100,000 "," 1,000 ",,,,,,,,,,,," 101,000 "," 50,000 "," 1,000 ",,,,,,,,,,,," 51,000 "," 75,000 "," 1,000 ",,,,,,,,,,,," 76,000 "," 100,000 "," 1,000 ",,,,,,,,,," 500,000 "," (152,000)"," 101,000 "," 100,000 "," 1,000 ",,,,,,,,,,,," 101,000 "," 100,000 "," 1,000 ",,,,,,,,,,,," 101,000 "," 100,000 "," 1,000 ",,,,,,,,,,,," 101,000 "," 100,000 "," 1,000 ",,,,,,,,,,,," 101,000 "," 100,000 "," 1,000 ",,,,,,,,,,,," 101,000 "," 125,000 "," 1,000 ",,,,,,,,,,,," 126,000 ",,,,,,,,,,,,,, -   ,,,,,,,,,,,,,, -   ,,,,,,,,,,,,,, -   ,,,,,,,,,,,,,, -   ,,,,,,,,,,,,,, -   ,,,,,,,,,,,,,, -   ,,,,,,,,,,,,,, -   ,,,,,,,,,,,,,, -   ,,,,,,,,,,,,,, -   ,,,,,,,,,,,,,, -   ,,,,,,,,,,,,,, -   ,,,,,,,,,,,,,, -   ,,,,,,,,,,,,,, -   ,,,,,,,,,,,,,, -   ,,,,,,,,,,,,,, -   ,,,,,,,,,,,,,, -   ,,,,,,,,,,,,,, -   ,,,,,,,,,,,,,, -   ,,,,,,,,,,,,,, -   ,,,,,,,,,,,,,, -   ,,,,,,,,,,,,,, -   ,,,,,,,,,,,,,, -   ,,,,,,,,,,,,,, -   ,,,,,,,,,,,,,, -   ,,,,,,,,,,,,,, -   ,,,,,,,,,,,,,, -   ,,,,,,,,,,,,,, -   ,,,,,,,,,,,,,, -   ,,,,,,,,,,,,,, -   ,,,,,,,,,,,,,, -   ,,,,,,,,,,,,,, -   ,,,,,,,,,,,,,, -   ,,,,,,,,,,,,,, -   ,,,,,,,,,,,,,, -   ,,,,,,,,,,,,,, -   ,,,,,,,,,,,,,, -   ,,,,,,,,,,,,,, -   ,,,,,,,,,,,,,, -   
 21 ,KAWALYA BRIAN,0758556700," 9,080,600 ", -   ," 3,600 ", -   , -   , -   , 8.1 ," 125,000 ",,,," 2,100 ",,,,,," 20,000 ",,," 147,100 "," 125,000 ",,,,,,,,,,,,," 125,000 "," 125,000 ",,,,,,,,,,,,," 125,000 "," 125,000 ",,,,,,,,,,,,," 125,000 "," 125,000 ",,,,,,,,,,,,," 125,000 "," 125,000 ",,,,,,,,,,,,," 125,000 "," 125,000 ",,,,,,,,,,,,," 125,000 "," 125,000 ",,,,,,,,,,,,," 125,000 "," 125,000 ",,,,,,,,,,,,," 125,000 "," 125,000 ",,,,,,,,,,,,," 125,000 "," 125,000 ",,,,,,,,,,,,," 125,000 "," 125,000 ",,,,,,,,,,,,," 125,000 "," 125,000 ",,,,,,,,,,,,," 125,000 "," 125,000 ",,,,,,,,,,,,," 125,000 "," 125,000 ",,,,,,,,,,,,," 125,000 ",,,,,,,,,,,,,, -   ,,,,,,,,,,,,,, -   ,,,,,,,,,,,,,, -   ,,,,,,,,,,,,,, -   ,,,,,,,,,,,,,, -   ,,,,,,,,,,,,,, -   ,,,,,,,,,,,,,, -   ,,,,,,,,,,,,,, -   ,,,,,,,,,,,,,, -   ,,,,,,,,,,,,,, -   ,,,,,,,,,,,,,, -   ,,,,,,,,,,,,,, -   ,,,,,,,,,,,,,, -   ,,,,,,,,,,,,,, -   ,,,,,,,,,,,,,, -   ,,,,,,,,,,,,,, -   ,,,,,,,,,,,,,, -   ,,,,,,,,,,,,,, -   ,,,,,,,,,,,,,, -   ,,,,,,,,,,,,,, -   ,,,,,,,,,,,,,, -   ,,,,,,,,,,,,,, -   ,,,,,,,,,,,,,, -   ,,,,,,,,,,,,,, -   ,,,,,,,,,,,,,, -   ,,,,,,,,,,,,,, -   ,,,,,,,,,,,,,, -   ,,,,,,,,,,,,,, -   ,,,,,,,,,,,,,, -   ,,,,,,,,,,,,,, -   ,,,,,,,,,,,,,, -   ,,,,,,,,,,,,,, -   ,,,,,,,,,,,,,, -   ,,,,,,,,,,,,,, -   ,,,,,,,,,,,,,, -   ,,,,,,,,,,,,,, -   ,,,,,,,,,,,,,, -   ,,,,,,,,,,,,,, -   
 22 ,GILLIAN  .A,0779574518," 2,789,000 "," 15,000 "," 276,800 ", -   , -   , -   , 2.5 ," 50,000 "," 1,000 ",,," 409,300 "," (51,000)",,,,," 20,000 ",,," 429,300 "," 50,000 "," 1,000 ",,,," (51,000)",,,,,,,, -   ," 50,000 "," 1,000 ",,,," (51,000)",,,,,,,, -   ," 50,000 "," 1,000 ",,,," (51,000)",,,,,,,, -   ," 50,000 "," 1,000 ",,,," (51,000)",,,,,,,, -   ," 50,000 "," 1,000 ",,,," (51,000)",,,,,,,, -   ," 50,000 "," 1,000 ",,,," (51,000)",,,,,,,, -   ," 25,000 "," 1,000 ",,," 1,030,000 "," (26,000)",,,,,,,," 1,030,000 "," 25,000 "," 1,000 ",,,," (26,000)",,,,,,,, -   ," 125,000 "," 1,000 ",,,," (126,000)",,,,,,,, -   ," 125,000 "," 1,000 ",,,," (126,000)",,,,,,,, -   ," 125,000 "," 1,000 ",,,," (126,000)",,,,,,,, -   ," 125,000 "," 1,000 ",,,," (126,000)",,,,,,,, -   ," 125,000 "," 1,000 ",,,," (126,000)",,,,,,,, -   ," 50,000 "," 1,000 ",,,," (126,000)",,,,,,,," (75,000)",,,,,,,,,,,,,, -   ,,,,,,,,,,,,,, -   ,,,,,,,,,,,,,, -   ,,,,,,,,,,,,,, -   ,,,,,,,,,,,,,, -   ,,,,,,,,,,,,,, -   ,,,,,,,,,,,,,, -   ,,,,,,,,,,,,,, -   ,,,,,,,,,,,,,, -   ,,,,,,,,,,,,,, -   ,,,,,,,,,,,,,, -   ,,,,,,,,,,,,,, -   ,,,,,,,,,,,,,, -   ,,,,,,,,,,,,,, -   ,,,,,,,,,,,,,, -   ,,,,,,,,,,,,,, -   ,,,,,,,,,,,,,, -   ,,,,,,,,,,,,,, -   ,,,,,,,,,,,,,, -   ,,,,,,,,,,,,,, -   ,,,,,,,,,,,,,, -   ,,,,,,,,,,,,,, -   ,,,,,,,,,,,,,, -   ,,,,,,,,,,,,,, -   ,,,,,,,,,,,,,, -   ,,,,,,,,,,,,,, -   ,,,,,,,,,,,,,, -   ,,,,,,,,,,,,,, -   ,,,,,,,,,,,,,, -   ,,,,,,,,,,,,,, -   ,,,,,,,,,,,,,, -   ,,,,,,,,,,,,,, -   ,,,,,,,,,,,,,, -   ,,,,,,,,,,,,,, -   ,,,,,,,,,,,,,, -   ,,,,,,,,,,,,,, -   ,,,,,,,,,,,,,, -   ,,,,,,,,,,,,,, -   
 23 ,MWESIGWA ELIPHAZI,0701964272," 3,566,106 "," 15,000 "," 52,100 ", -   , -   ," (5,457,000)", 3.2 ," 25,000 "," 1,000 ",,," 1,500 "," (25,000)",,,,," 20,000 ",,," 22,500 "," 25,000 "," 1,000 ",,,," (227,000)",,,,,,,," (201,000)"," 25,000 "," 1,000 ",,," 40,000 ",   ,,,,,,,," 66,000 "," 25,000 "," 1,000 ",,,," (385,000)",,," (5,050,000)"," 5,000 ",,,," (5,404,000)"," 25,000 "," 1,000 ",,,," (25,000)",,,,,,,," 1,000 "," 25,000 "," 1,000 ",,,," (25,000)",,,,,,,," 1,000 "," 25,000 "," 1,000 ",,,," (25,000)",,,,,,,," 1,000 "," 25,000 "," 1,000 ",,," 100,000 "," (25,000)",,,,,,,," 101,000 "," 25,000 "," 1,000 ",,,," (25,000)",,,,,,,," 1,000 "," 25,000 "," 1,000 ",,,," (25,000)",,,,,,,," 1,000 "," 25,000 "," 1,000 ",,,," (26,000)",,,,,,,, -   ," 25,000 "," 1,000 ",,," 100,000 "," (25,000)"," 300,000 ",,,,,,," 401,000 "," 50,000 "," 1,000 ",,,," (50,000)",,,,,,,," 1,000 "," 25,000 "," 1,000 ",,,," (25,000)",,,,,,,," 1,000 "," 25,000 "," 1,000 ",,,," (25,000)",,,,,,,," 1,000 ",,,,,,,,,,,,,, -   ,,,,,,,,,,,,,, -   ,,,,,,,,,,,,,, -   ,,,,,,,,,,,,,, -   ,,,,,,,,,,,,,, -   ,,,,,,,,,,,,,, -   ,,,,,,,,,,,,,, -   ,,,,,,,,,,,,,, -   ,,,,,,,,,,,,,, -   ,,,,,,,,,,,,,, -   ,,,,,,,,,,,,,, -   ,,,,,,,,,,,,,, -   ,,,,,,,,,,,,,, -   ,,,,,,,,,,,,,, -   ,,,,,,,,,,,,,, -   ,,,,,,,,,,,,,, -   ,,,,,,,,,,,,,, -   ,,,,,,,,,,,,,, -   ,,,,,,,,,,,,,, -   ,,,,,,,,,,,,,, -   ,,,,,,,,,,,,,, -   ,,,,,,,,,,,,,, -   ,,,,,,,,,,,,,, -   ,,,,,,,,,,,,,, -   ,,,,,,,,,,,,,, -   ,,,,,,,,,,,,,, -   ,,,,,,,,,,,,,, -   ,,,,,,,,,,,,,, -   ,,,,,,,,,,,,,, -   ,,,,,,,,,,,,,, -   ,,,,,,,,,,,,,, -   ,,,,,,,,,,,,,, -   ,,,,,,,,,,,,,, -   ,,,,,,,,,,,,,, -   ,,,,,,,,,,,,,, -   ,,,,,,,,,,,,,, -   ,,,,,,,,,,,,,, -   ,,,,,,,,,,,,,, -   
 24 ,MUKIIBI MIIKE,0751111035," 2,028,000 "," 15,000 "," 4,300 ", -   , -   ," (105,000)", 1.8 ," 25,000 "," 1,000 ",,," 12,300 "," (26,000)",,," (400,000)"," 5,000 "," 20,000 ",,," (362,700)"," 25,000 "," 1,000 ",,,," (26,000)",,,,,,,, -   ," 25,000 "," 1,000 ",,,," (26,000)",,,,,,,, -   ," 25,000 "," 1,000 ",,," 101,000 "," (26,000)"," 105,000 ",,,,,,," 206,000 "," 25,000 "," 1,000 ",,,," (26,000)",,,,,,,, -   ," 25,000 "," 1,000 ",,,," (26,000)",,,,,,,, -   ," 25,000 "," 1,000 ",,,," (26,000)",,,,,,,, -   ," 25,000 "," 1,000 ",,," 257,000 "," (136,000)"," 110,000 ",,,,,,," 257,000 "," 25,000 "," 1,000 ",,,," (26,000)",,,,,,,, -   ," 25,000 "," 1,000 ",,,," (26,000)",,,,,,,, -   ," 25,000 "," 1,000 ",,,," 26,000 ",,,,,,,," 52,000 "," 25,000 "," 1,000 ",,,," (26,000)",,,,,,,, -   ," 25,000 "," 1,000 ",,,," (26,000)"," 100,000 ",,,,,,," 100,000 "," 25,000 "," 1,000 ",,,," (26,000)",,,,,,,, -   ," 25,000 "," 1,000 ",,,," (26,000)",,,,,,,, -   ,,,,,,,,,,,,,, -   ,,,,,,,,,,,,,, -   ,,,,,,,,,,,,,, -   ,,,,,,,,,,,,,, -   ,,,,,,,,,,,,,, -   ,,,,,,,,,,,,,, -   ,,,,,,,,,,,,,, -   ,,,,,,,,,,,,,, -   ,,,,,,,,,,,,,, -   ,,,,,,,,,,,,,, -   ,,,,,,,,,,,,,, -   ,,,,,,,,,,,,,, -   ,,,,,,,,,,,,,, -   ,,,,,,,,,,,,,, -   ,,,,,,,,,,,,,, -   ,,,,,,,,,,,,,, -   ,,,,,,,,,,,,,, -   ,,,,,,,,,,,,,, -   ,,,,,,,,,,,,,, -   ,,,,,,,,,,,,,, -   ,,,,,,,,,,,,,, -   ,,,,,,,,,,,,,, -   ,,,,,,,,,,,,,, -   ,,,,,,,,,,,,,, -   ,,,,,,,,,,,,,, -   ,,,,,,,,,,,,,, -   ,,,,,,,,,,,,,, -   ,,,,,,,,,,,,,, -   ,,,,,,,,,,,,,, -   ,,,,,,,,,,,,,, -   ,,,,,,,,,,,,,, -   ,,,,,,,,,,,,,, -   ,,,,,,,,,,,,,, -   ,,,,,,,,,,,,,, -   ,,,,,,,,,,,,,, -   ,,,,,,,,,,,,,, -   ,,,,,,,,,,,,,, -   ,,,,,,,,,,,,,, -   
 25 ,KAMOGA MAHAD,0757747242," 1,650,000 "," 15,000 "," 364,600 ", -   , -   , -   , 1.5 ," 25,000 "," 1,000 ",,," 1,600 "," (26,000)",,,,," 20,000 ",,," 21,600 "," 25,000 "," 1,000 ",,,," (26,000)",,,,,,,, -   ," 25,000 "," 1,000 ",,,," (26,000)",,,,,,," (2,000)", -   ," 25,000 "," 1,000 ",,,," (26,000)",,,,,,,, -   ," 25,000 "," 1,000 ",,," 620,000 "," (26,000)",,,,,,,," 620,000 "," 25,000 "," 1,000 ",,,," (26,000)",,,,,,,, -   ," 25,000 "," 1,000 ",,,," (26,000)",,,,,,,, -   ," 25,000 "," 1,000 ",,,," (26,000)",,,,,,,, -   ," 25,000 "," 1,000 ",,,," (26,000)",,,,,,,, -   ," 25,000 "," 1,000 ",,,," (26,000)",,,,,,,, -   ," 25,000 "," 1,000 ",,,," (26,000)",,,,,,,, -   ," 25,000 "," 1,000 ",,,," (26,000)",,,,,,,, -   ," 25,000 "," 1,000 ",,,," (26,000)",,,,,,,, -   ," 25,000 "," 1,000 ",,,," (26,000)",,,,,,,, -   ," 25,000 "," 1,000 ",,,," (26,000)",,,,,,,, -   ,,,,,,,,,,,,,, -   ,,,,,,,,,,,,,, -   ,,,,,,,,,,,,,, -   ,,,,,,,,,,,,,, -   ,,,,,,,,,,,,,, -   ,,,,,,,,,,,,,, -   ,,,,,,,,,,,,,, -   ,,,,,,,,,,,,,, -   ,,,,,,,,,,,,,, -   ,,,,,,,,,,,,,, -   ,,,,,,,,,,,,,, -   ,,,,,,,,,,,,,, -   ,,,,,,,,,,,,,, -   ,,,,,,,,,,,,,, -   ,,,,,,,,,,,,,, -   ,,,,,,,,,,,,,, -   ,,,,,,,,,,,,,, -   ,,,,,,,,,,,,,, -   ,,,,,,,,,,,,,, -   ,,,,,,,,,,,,,, -   ,,,,,,,,,,,,,, -   ,,,,,,,,,,,,,, -   ,,,,,,,,,,,,,, -   ,,,,,,,,,,,,,, -   ,,,,,,,,,,,,,, -   ,,,,,,,,,,,,,, -   ,,,,,,,,,,,,,, -   ,,,,,,,,,,,,,, -   ,,,,,,,,,,,,,, -   ,,,,,,,,,,,,,, -   ,,,,,,,,,,,,,, -   ,,,,,,,,,,,,,, -   ,,,,,,,,,,,,,, -   ,,,,,,,,,,,,,, -   ,,,,,,,,,,,,,, -   ,,,,,,,,,,,,,, -   ,,,,,,,,,,,,,, -   ,,,,,,,,,,,,,, -   
 26 ,NKONO MICHAEL,0755872400," 213,754 "," 4,000 "," 4,700 "," (8,000)", -   , -   , 0.2 ,,,," (1,000)"," (1,900)",,,,,," 20,000 ",," (2,000)"," 18,100 "," 25,000 "," 1,000 ",,," 60,000 "," (26,000)",,,,,,,," 60,000 "," 25,000 "," 1,000 ",,,," (26,000)",,,,,,,, -   ,,,," (1,000)",,,,,,,,,, -   ," 25,000 "," 1,000 ",,," 50,000 "," (26,000)",,,,,,,," 50,000 "," 25,000 "," 1,000 ",,,," (26,000)",,,,,,," (2,000)", -   ,,,," (1,000)",,,,,,,,,, -   ,,,," (1,000)",,,,,,,,,, -   ,,,," (1,000)",,,,,,,,,, -   ,,,," (1,000)",,,,,,,,,, -   ,,,,,,,,,,,,,, -   ,,,," (1,000)",,,,,,,,,, -   ,,,," (1,000)",,,,,,,,,, -   ,,,,,,,,,,,,,, -   ,,,,,,,,,,,,," (2,000)", -   ,,,,,,,,,,,,,, -   ,,,,,,,,,,,,,, -   ,,,,,,,,,,,,,, -   ,,,,,,,,,,,,,, -   ,,,,,,,,,,,,,, -   ,,,,,,,,,,,,,, -   ,,,,,,,,,,,,,, -   ,,,,,,,,,,,,,, -   ,,,,,,,,,,,,,, -   ,,,,,,,,,,,,,, -   ,,,,,,,,,,,,,, -   ,,,,,,,,,,,,,, -   ,,,,,,,,,,,,,, -   ,,,,,,,,,,,,,, -   ,,,,,,,,,,,,,, -   ,,,,,,,,,,,,,, -   ,,,,,,,,,,,,,, -   ,,,,,,,,,,,,,, -   ,,,,,,,,,,,,,, -   ,,,,,,,,,,,,,, -   ,,,,,,,,,,,,,, -   ,,,,,,,,,,,,,, -   ,,,,,,,,,,,,,, -   ,,,,,,,,,,,,,, -   ,,,,,,,,,,,,,, -   ,,,,,,,,,,,,,, -   ,,,,,,,,,,,,,, -   ,,,,,,,,,,,,,, -   ,,,,,,,,,,,,,, -   ,,,,,,,,,,,,,, -   ,,,,,,,,,,,,,, -   ,,,,,,,,,,,,,, -   ,,,,,,,,,,,,,, -   ,,,,,,,,,,,,,, -   ,,,,,,,,,,,,,, -   ,,,,,,,,,,,,,, -   ,,,,,,,,,,,,,, -   ,,,,,,,,,,,,,, -   
 27 ,EVE KAMPIIRE,0788266218," 2,125,000 "," 15,000 "," 52,000 ", -   , -   , -   , 1.9 ," 50,000 "," 1,000 ",,,," (71,000)",,,,," 20,000 ",,, -   ," 50,000 "," 1,000 ",,,," (51,000)",,,,,,,, -   ," 50,000 "," 1,000 ",,,," (51,000)",,,,,,,, -   ," 50,000 "," 1,000 ",,," 283,000 "," (51,000)",,,,,,,," 283,000 "," 50,000 "," 1,000 ",,,," (51,000)",,,,,,,, -   ," 50,000 "," 1,000 ",,,," (51,000)",,,,,,,, -   ," 50,000 "," 1,000 ",,,," (51,000)",,,,,,,, -   ," 50,000 "," 1,000 ",,,," (51,000)",,,,,,," (2,000)", -   ," 50,000 "," 1,000 ",,," 109,000 "," (51,000)",,,,,,,," 109,000 "," 25,000 "," 1,000 ",,,," (26,000)",,,,,,," (2,000)", -   ," 25,000 "," 1,000 ",,,," (26,000)",,,,,,,, -   ," 25,000 "," 1,000 ",,,," (26,000)",,,,,,,, -   ," 25,000 "," 1,000 ",,," 104,000 "," (26,000)",,,,,,," (2,000)"," 104,000 "," 25,000 "," 1,000 ",,,," (26,000)",,,,,,," (2,000)", -   ," 25,000 "," 1,000 ",,,," (26,000)",,,,,,,, -   ,,,,,,,,,,,,,, -   ,,,,,,,,,,,,,, -   ,,,,,,,,,,,,,, -   ,,,,,,,,,,,,,, -   ,,,,,,,,,,,,,, -   ,,,,,,,,,,,,,, -   ,,,,,,,,,,,,,, -   ,,,,,,,,,,,,,, -   ,,,,,,,,,,,,,, -   ,,,,,,,,,,,,,, -   ,,,,,,,,,,,,,, -   ,,,,,,,,,,,,,, -   ,,,,,,,,,,,,,, -   ,,,,,,,,,,,,,, -   ,,,,,,,,,,,,,, -   ,,,,,,,,,,,,,, -   ,,,,,,,,,,,,,, -   ,,,,,,,,,,,,,, -   ,,,,,,,,,,,,,, -   ,,,,,,,,,,,,,, -   ,,,,,,,,,,,,,, -   ,,,,,,,,,,,,,, -   ,,,,,,,,,,,,,, -   ,,,,,,,,,,,,,, -   ,,,,,,,,,,,,,, -   ,,,,,,,,,,,,,, -   ,,,,,,,,,,,,,, -   ,,,,,,,,,,,,,, -   ,,,,,,,,,,,,,, -   ,,,,,,,,,,,,,, -   ,,,,,,,,,,,,,, -   ,,,,,,,,,,,,,, -   ,,,,,,,,,,,,,, -   ,,,,,,,,,,,,,, -   ,,,,,,,,,,,,,, -   ,,,,,,,,,,,,,, -   ,,,,,,,,,,,,,, -   ,,,,,,,,,,,,,, -   
 28 ,LILLIAN NAMAGANDA,0703911285," 575,000 "," 15,000 "," 102,000 "," (1,000)", -   , -   , 0.5 ," 25,000 ",,,,," (25,000)",,,,,,,, -   ," 25,000 ",,,,," (25,000)",,,,,,,, -   ," 25,000 ",,,,," (25,000)",,,,,,,, -   ,,,," (1,000)"," 200,000 ",,,,,,,," (2,000)"," 200,000 "," 50,000 ",,,,," (50,000)",,,,,,," (2,000)", -   ," 50,000 ",,,,," (50,000)",,,,,,,, -   ," 50,000 ",,,,," (50,000)",,,,,,,, -   ," 25,000 ",,,," 213,000 "," (25,000)",,,,,,,," 213,000 "," 25,000 ",,,,," (25,000)",,,,,,,, -   ," 50,000 "," 10,000 ",,,," (60,000)",,,,,,,, -   ," 50,000 "," 1,000 ",,,," (51,000)",,,,,,,, -   ," 50,000 "," 1,000 ",,," 204,000 "," (51,000)",,,,,,," (2,000)"," 204,000 "," 50,000 "," 1,000 ",,,," (51,000)",,,,,,,, -   ," 50,000 "," 1,000 ",,,," (51,000)",,,,,,,, -   ," 50,000 "," 1,000 ",,,," (51,000)",,,,,,,, -   ,,,,,,,,,,,,,, -   ,,,,,,,,,,,,,, -   ,,,,,,,,,,,,,, -   ,,,,,,,,,,,,,, -   ,,,,,,,,,,,,,, -   ,,,,,,,,,,,,,, -   ,,,,,,,,,,,,,, -   ,,,,,,,,,,,,,, -   ,,,,,,,,,,,,,, -   ,,,,,,,,,,,,,, -   ,,,,,,,,,,,,,, -   ,,,,,,,,,,,,,, -   ,,,,,,,,,,,,,, -   ,,,,,,,,,,,,,, -   ,,,,,,,,,,,,,, -   ,,,,,,,,,,,,,, -   ,,,,,,,,,,,,,, -   ,,,,,,,,,,,,,, -   ,,,,,,,,,,,,,, -   ,,,,,,,,,,,,,, -   ,,,,,,,,,,,,,, -   ,,,,,,,,,,,,,, -   ,,,,,,,,,,,,,, -   ,,,,,,,,,,,,,, -   ,,,,,,,,,,,,,, -   ,,,,,,,,,,,,,, -   ,,,,,,,,,,,,,, -   ,,,,,,,,,,,,,, -   ,,,,,,,,,,,,,, -   ,,,,,,,,,,,,,, -   ,,,,,,,,,,,,,, -   ,,,,,,,,,,,,,, -   ,,,,,,,,,,,,,, -   ,,,,,,,,,,,,,, -   ,,,,,,,,,,,,,, -   ,,,,,,,,,,,,,, -   ,,,,,,,,,,,,,, -   ,,,,,,,,,,,,,, -   
 29 ,NAMAYEGA ANNET,0755255925," 750,000 "," 11,000 "," 251,000 "," (5,000)", -   , -   , 0.7 ,,,,,,,,,,,,,, -   ,,,,,,,,,,,,,, -   ,,,,,,,,,,,,,, -   ,,,,,,,,,,,,,, -   ,,,," (1,000)",,,,,,," 125,000 ",,," 125,000 ",,,," (1,000)",,,,,,,,,, -   ,,,," (1,000)",,,,,,,,,, -   ,,,," (1,000)",,,,,,,,,, -   ,,,," (1,000)"," 500,000 ",,,,,,,,," 500,000 "," 125,000 ",,,,," (125,000)",,,,,,,, -   ," 125,000 ",,,,," (125,000)",,,,,,,, -   ," 125,000 ",,,,," (125,000)",,,,,,,, -   ," 125,000 "," 9,000 ",,," 512,000 "," (134,000)",,,,,,,," 512,000 "," 125,000 "," 1,000 ",,,," (126,000)",,,,,,,, -   ," 125,000 "," 1,000 ",,,," (126,000)",,,,,,,, -   ,,,,,,,,,,,,,, -   ,,,,,,,,,,,,,, -   ,,,,,,,,,,,,,, -   ,,,,,,,,,,,,,, -   ,,,,,,,,,,,,,, -   ,,,,,,,,,,,,,, -   ,,,,,,,,,,,,,, -   ,,,,,,,,,,,,,, -   ,,,,,,,,,,,,,, -   ,,,,,,,,,,,,,, -   ,,,,,,,,,,,,,, -   ,,,,,,,,,,,,,, -   ,,,,,,,,,,,,,, -   ,,,,,,,,,,,,,, -   ,,,,,,,,,,,,,, -   ,,,,,,,,,,,,,, -   ,,,,,,,,,,,,,, -   ,,,,,,,,,,,,,, -   ,,,,,,,,,,,,,, -   ,,,,,,,,,,,,,, -   ,,,,,,,,,,,,,, -   ,,,,,,,,,,,,,, -   ,,,,,,,,,,,,,, -   ,,,,,,,,,,,,,, -   ,,,,,,,,,,,,,, -   ,,,,,,,,,,,,,, -   ,,,,,,,,,,,,,, -   ,,,,,,,,,,,,,, -   ,,,,,,,,,,,,,, -   ,,,,,,,,,,,,,, -   ,,,,,,,,,,,,,, -   ,,,,,,,,,,,,,, -   ,,,,,,,,,,,,,, -   ,,,,,,,,,,,,,, -   ,,,,,,,,,,,,,, -   ,,,,,,,,,,,,,, -   ,,,,,,,,,,,,,, -   ,,,,,,,,,,,,,, -   
 30 ,NALULE PROSSY,0775953678," 225,000 "," 9,000 "," 2,000 ", -   , -   , -   , 0.2 ,,,,,,,,,,,,,, -   ,,,,,,,,,,,,,, -   ,,,,,,,,,,,,,, -   ,,,,,,,,,,,,,, -   ,,,,,,,,,,,,,, -   ,,,,,,,,,,,,,, -   ," 25,000 "," 1,000 ",,," 54,000 ",,,,,,,,," 80,000 "," 25,000 "," 1,000 ",,,," (26,000)",,,,,,,, -   ," 25,000 "," 1,000 ",,," 26,000 "," (26,000)",,,,,,,," 26,000 "," 25,000 "," 1,000 ",,,," (26,000)",,,,,,,, -   ," 25,000 "," 1,000 ",,," 26,000 ",,,,,,,,," 52,000 "," 25,000 "," 1,000 ",,,," (26,000)",,,,,,,, -   ," 25,000 "," 1,000 ",,," 26,000 ",,,,,,,,," 52,000 "," 25,000 "," 1,000 ",,,," (26,000)",,,,,,,, -   ," 25,000 "," 1,000 ",,,,,,,,,,,," 26,000 ",,,,,,,,,,,,,, -   ,,,,,,,,,,,,,, -   ,,,,,,,,,,,,,, -   ,,,,,,,,,,,,,, -   ,,,,,,,,,,,,,, -   ,,,,,,,,,,,,,, -   ,,,,,,,,,,,,,, -   ,,,,,,,,,,,,,, -   ,,,,,,,,,,,,,, -   ,,,,,,,,,,,,,, -   ,,,,,,,,,,,,,, -   ,,,,,,,,,,,,,, -   ,,,,,,,,,,,,,, -   ,,,,,,,,,,,,,, -   ,,,,,,,,,,,,,, -   ,,,,,,,,,,,,,, -   ,,,,,,,,,,,,,, -   ,,,,,,,,,,,,,, -   ,,,,,,,,,,,,,, -   ,,,,,,,,,,,,,, -   ,,,,,,,,,,,,,, -   ,,,,,,,,,,,,,, -   ,,,,,,,,,,,,,, -   ,,,,,,,,,,,,,, -   ,,,,,,,,,,,,,, -   ,,,,,,,,,,,,,, -   ,,,,,,,,,,,,,, -   ,,,,,,,,,,,,,, -   ,,,,,,,,,,,,,, -   ,,,,,,,,,,,,,, -   ,,,,,,,,,,,,,, -   ,,,,,,,,,,,,,, -   ,,,,,,,,,,,,,, -   ,,,,,,,,,,,,,, -   ,,,,,,,,,,,,,, -   ,,,,,,,,,,,,,, -   ,,,,,,,,,,,,,, -   ,,,,,,,,,,,,,, -   
,TOTAL,yr 2023/2024," 99,206,946 "," 271,000 "," 3,124,410 "," (95,000)", -   ," (99,081,210)", 100.0 ," 1,175,000 "," 15,000 ", -   ," (6,000)"," 2,067,050 "," (747,000)"," 5,360,000 ", -   ," (400,000)"," 10,000 "," 520,000 ", -   ," (4,202,000)",," 1,025,000 "," 15,000 ", -   ," (7,000)"," 560,000 "," (1,569,000)", -   , -   ," (1,000,000)"," 5,000 ", -   , -   , -   ,," 975,000 "," 16,000 ", -   ," (6,000)"," 432,000 "," (863,000)", -   , -   ," (28,000,000)"," 5,000 ", -   , -   ," (2,000)",," 900,000 "," 16,000 ", -   ," (8,000)"," 1,584,000 "," (1,247,000)"," 1,405,000 ", -   ," (5,050,000)"," 5,000 ", -   ," 500,000 "," (2,000)",," 1,025,000 "," 17,000 ", -   ," (7,000)"," 2,445,000 "," (1,538,700)"," 1,175,700 ", -   , -   , -   ," 250,000 ", -   ," (2,000)",," 1,100,000 "," 18,000 ", -   ," (7,000)"," 752,000 "," (913,000)", -   , -   , -   , -   , -   , -   ," (2,000)",," 1,050,000 "," 17,000 ", -   ," (8,000)"," 608,000 "," (837,000)", -   , -   , -   , -   , -   , -   , -   ,," 1,125,000 "," 16,000 ", -   ," (8,000)"," 1,600,000 "," (1,072,000)"," 910,000 ", -   , -   , -   , -   , -   ," (2,000)",," 1,025,000 "," 14,000 ", -   ," (8,000)"," 2,862,500 "," (1,615,000)"," 3,150,000 "," 27,500 "," (7,000,000)"," 5,000 ", -   ," 500,000 "," (152,000)",," 1,400,000 "," 33,000 ", -   ," (6,000)"," 308,650 "," (1,281,400)"," 550,000 "," 13,750 ", -   , -   , -   , -   ," (2,000)",," 1,225,000 "," 19,000 ", -   ," (7,000)"," 77,000 "," (4,963,000)", -   , -   ," (15,000,000)", -   , -   , -   , -   ,," 1,250,000 "," 17,000 ", -   ," (8,000)"," 757,000 "," (988,000)"," 1,000,000 ", -   , -   , -   , -   , -   ," (2,000)",," 1,275,000 "," 26,000 ", -   ," (9,000)"," 3,886,100 "," (2,932,100)"," 2,512,000 "," 74,100 ", -   , -   , -   , -   ," (2,000)",," 1,225,000 "," 17,000 ", -   , -   , -   ," (1,013,000)"," 200,000 ", -   , -   , -   , -   , -   ," (2,000)",," 1,075,000 "," 15,000 ", -   , -   ," 50,000 "," (885,000)"," 1,000,000 ", -   , -   , -   , -   , -   ," (2,000)",, -   , -   , -   , -   , -   , -   , -   , -   , -   , -   , -   , -   , -   ,, -   , -   , -   , -   , -   , -   , -   , -   , -   , -   , -   , -   , -   ,, -   , -   , -   , -   , -   , -   , -   , -   , -   , -   , -   , -   , -   ,, -   , -   , -   , -   , -   , -   , -   , -   , -   , -   , -   , -   , -   ,, -   , -   , -   , -   , -   , -   , -   , -   , -   , -   , -   , -   , -   ,, -   , -   , -   , -   , -   , -   , -   , -   , -   , -   , -   , -   , -   ,, -   , -   , -   , -   , -   , -   , -   , -   , -   , -   , -   , -   , -   ,, -   , -   , -   , -   , -   , -   , -   , -   , -   , -   , -   , -   , -   ,, -   , -   , -   , -   , -   , -   , -   , -   , -   , -   , -   , -   , -   ,, -   , -   , -   , -   , -   , -   , -   , -   , -   , -   , -   , -   , -   ,, -   , -   , -   , -   , -   , -   , -   , -   , -   , -   , -   , -   , -   ,, -   , -   , -   , -   , -   , -   , -   , -   , -   , -   , -   , -   , -   ,, -   , -   , -   , -   , -   , -   , -   , -   , -   , -   , -   , -   , -   ,, -   , -   , -   , -   , -   , -   , -   , -   , -   , -   , -   , -   , -   ,, -   , -   , -   , -   , -   , -   , -   , -   , -   , -   , -   , -   , -   ,, -   , -   , -   , -   , -   , -   , -   , -   , -   , -   , -   , -   , -   ,, -   , -   , -   , -   , -   , -   , -   , -   , -   , -   , -   , -   , -   ,, -   , -   , -   , -   , -   , -   , -   , -   , -   , -   , -   , -   , -   ,, -   , -   , -   , -   , -   , -   , -   , -   , -   , -   , -   , -   , -   ,, -   , -   , -   , -   , -   , -   , -   , -   , -   , -   , -   , -   , -   ,, -   , -   , -   , -   , -   , -   , -   , -   , -   , -   , -   , -   , -   ,, -   , -   , -   , -   , -   , -   , -   , -   , -   , -   , -   , -   , -   ,, -   , -   , -   , -   , -   , -   , -   , -   , -   , -   , -   , -   , -   ,, -   , -   , -   , -   , -   , -   , -   , -   , -   , -   , -   , -   , -   ,, -   , -   , -   , -   , -   , -   , -   , -   , -   , -   , -   , -   , -   ,, -   , -   , -   , -   , -   , -   , -   , -   , -   , -   , -   , -   , -   ,, -   , -   , -   , -   , -   , -   , -   , -   , -   , -   , -   , -   , -   ,, -   , -   , -   , -   , -   , -   , -   , -   , -   , -   , -   , -   , -   ,, -   , -   , -   , -   , -   , -   , -   , -   , -   , -   , -   , -   , -   ,, -   , -   , -   , -   , -   , -   , -   , -   , -   , -   , -   , -   , -   ,, -   , -   , -   , -   , -   , -   , -   , -   , -   , -   , -   , -   , -   ,, -   , -   , -   , -   , -   , -   , -   , -   , -   , -   , -   , -   , -   ,, -   , -   , -   , -   , -   , -   , -   , -   , -   , -   , -   , -   , -   ,, -   , -   , -   , -   , -   , -   , -   , -   , -   , -   , -   , -   , -   ,, -   , -   , -   , -   , -   , -   , -   , -   , -   , -   , -   , -   , -   ,, -   , -   , -   , -   , -   , -   , -   , -   , -   , -   , -   , -   , -   ,, -   , -   , -   , -   , -   , -   , -   , -   , -   , -   , -   , -   , -   ,, -   , -   , -   , -   , -   , -   , -   , -   , -   , -   , -   , -   , -   ,
,,OVERALL SAVINGS," 111,917,946 ",,,,OPENING BAL," 64,712,525 ",,CASH TODAY," 9,147,050 ",CASH AT HAND," 73,859,575 ",,DEDUCTIONS," (5,349,000)",,TOTAL CASH TO DATE,," 68,510,575 ",,,,CASH TODAY," 1,605,000 ",CASH AT HAND," 70,115,575 ",,DEDUCTIONS," (2,569,000)",,TOTAL CASH TO DATE,," 67,546,575 ",,,,CASH TODAY," 1,428,000 ",CASH AT HAND," 68,974,575 ",,DEDUCTIONS," (28,865,000)",,TOTAL CASH TO DATE,," 40,109,575 ",,,,CASH TODAY," 4,410,000 ",CASH AT HAND," 44,519,575 ",,DEDUCTIONS," (6,299,000)",,TOTAL CASH TO DATE,," 38,220,575 ",,,,CASH TODAY," 4,912,700 ",CASH AT HAND," 43,133,275 ",,DEDUCTIONS," (1,540,700)",,TOTAL CASH TO DATE,," 41,592,575 ",,,,CASH TODAY," 1,870,000 ",CASH AT HAND," 43,462,575 ",,DEDUCTIONS," (915,000)",,TOTAL CASH TO DATE,," 42,547,575 ",,,,CASH TODAY," 1,675,000 ",CASH AT HAND," 44,222,575 ",,DEDUCTIONS," (837,000)",,TOTAL CASH TO DATE,," 43,385,575 ",,,,CASH TODAY," 3,651,000 ",CASH AT HAND," 47,036,575 ",,DEDUCTIONS," (1,074,000)",,TOTAL CASH TO DATE,," 45,962,575 ",,,,CASH TODAY," 7,584,000 ",CASH AT HAND," 53,546,575 ",,DEDUCTIONS," (8,767,000)",,TOTAL CASH TO DATE,," 44,779,575 ",,,,.," 2,305,400 ",CASH AT HAND," 47,084,975 ",,DEDUCTIONS," (1,283,400)",,TOTAL CASH TO DATE,," 45,801,575 ",,,,CASH TODAY," 1,321,000 ",CASH AT HAND," 47,122,575 ",,DEDUCTIONS," (19,963,000)",,TOTAL CASH TO DATE,," 27,159,575 ",,,,CASH TODAY," 3,024,000 ",CASH AT HAND," 30,183,575 ",,DEDUCTIONS," (990,000)",,TOTAL CASH TO DATE,," 29,193,575 ",,,,CASH TODAY," 7,773,200 ",CASH AT HAND," 36,966,775 ",,DEDUCTIONS," (2,934,100)",,TOTAL CASH TO DATE,," 34,032,675 ",,,,CASH TODAY," 1,442,000 ",CASH AT HAND," 35,474,675 ",,DEDUCTIONS," (1,015,000)",,TOTAL CASH TO DATE,," 34,459,675 ",,,,CASH TODAY," 2,140,000 ",CASH AT HAND," 36,599,675 ",,DEDUCTIONS," (887,000)",,TOTAL CASH TO DATE,," 35,712,675 ",,,,CASH TODAY, -   ,CASH AT HAND," 35,712,675 ",,DEDUCTIONS, -   ,,TOTAL CASH TO DATE,," 35,712,675 ",,,,CASH TODAY, -   ,CASH AT HAND," 35,712,675 ",,DEDUCTIONS, -   ,,TOTAL CASH TO DATE,," 35,712,675 ",,,,CASH TODAY, -   ,CASH AT HAND," 35,712,675 ",,DEDUCTIONS, -   ,,TOTAL CASH TO DATE,," 35,712,675 ",,,,CASH TODAY, -   ,CASH AT HAND," 35,712,675 ",,DEDUCTIONS, -   ,,TOTAL CASH TO DATE,," 35,712,675 ",,,,CASH TODAY, -   ,CASH AT HAND," 35,712,675 ",,DEDUCTIONS, -   ,,TOTAL CASH TO DATE,," 35,712,675 ",,,,CASH TODAY, -   ,CASH AT HAND," 35,712,675 ",,DEDUCTIONS, -   ,,TOTAL CASH TO DATE,," 35,712,675 ",,,,CASH TODAY, -   ,CASH AT HAND," 35,712,675 ",,DEDUCTIONS, -   ,,TOTAL CASH TO DATE,," 35,712,675 ",,,,CASH TODAY, -   ,CASH AT HAND," 35,712,675 ",,DEDUCTIONS, -   ,,TOTAL CASH TO DATE,," 35,712,675 ",,,,CASH TODAY, -   ,CASH AT HAND," 35,712,675 ",,DEDUCTIONS, -   ,,TOTAL CASH TO DATE,," 35,712,675 ",,,,CASH TODAY, -   ,CASH AT HAND," 35,712,675 ",,DEDUCTIONS, -   ,,TOTAL CASH TO DATE,," 35,712,675 ",,,,CASH TODAY, -   ,CASH AT HAND," 35,712,675 ",,DEDUCTIONS, -   ,,TOTAL CASH TO DATE,," 35,712,675 ",,,,CASH TODAY, -   ,CASH AT HAND," 35,712,675 ",,DEDUCTIONS, -   ,,TOTAL CASH TO DATE,," 35,712,675 ",,,,CASH TODAY, -   ,CASH AT HAND," 35,712,675 ",,DEDUCTIONS, -   ,,TOTAL CASH TO DATE,," 35,712,675 ",,,,CASH TODAY, -   ,CASH AT HAND," 35,712,675 ",,DEDUCTIONS, -   ,,TOTAL CASH TO DATE,," 35,712,675 ",,,,CASH TODAY, -   ,CASH AT HAND," 35,712,675 ",,DEDUCTIONS, -   ,,TOTAL CASH TO DATE,," 35,712,675 ",,,,CASH TODAY, -   ,CASH AT HAND," 35,712,675 ",,DEDUCTIONS, -   ,,TOTAL CASH TO DATE,," 35,712,675 ",,,,CASH TODAY, -   ,CASH AT HAND," 35,712,675 ",,DEDUCTIONS, -   ,,TOTAL CASH TO DATE,," 35,712,675 ",,,,CASH TODAY, -   ,CASH AT HAND," 35,712,675 ",,DEDUCTIONS, -   ,,TOTAL CASH TO DATE,," 35,712,675 ",,,,CASH TODAY, -   ,CASH AT HAND," 35,712,675 ",,DEDUCTIONS, -   ,,TOTAL CASH TO DATE,," 35,712,675 ",,,,CASH TODAY, -   ,CASH AT HAND," 35,712,675 ",,DEDUCTIONS, -   ,,TOTAL CASH TO DATE,," 35,712,675 ",,,,CASH TODAY, -   ,CASH AT HAND," 35,712,675 ",,DEDUCTIONS, -   ,,TOTAL CASH TO DATE,," 35,712,675 ",,,,CASH TODAY, -   ,CASH AT HAND," 35,712,675 ",,DEDUCTIONS, -   ,,TOTAL CASH TO DATE,," 35,712,675 ",,,,CASH TODAY, -   ,CASH AT HAND," 35,712,675 ",,DEDUCTIONS, -   ,,TOTAL CASH TO DATE,," 35,712,675 ",,,,CASH TODAY, -   ,CASH AT HAND," 35,712,675 ",,DEDUCTIONS, -   ,,TOTAL CASH TO DATE,," 35,712,675 ",,,,CASH TODAY, -   ,CASH AT HAND," 35,712,675 ",,DEDUCTIONS, -   ,,TOTAL CASH TO DATE,," 35,712,675 ",,,,CASH TODAY, -   ,CASH AT HAND," 35,712,675 ",,DEDUCTIONS, -   ,,TOTAL CASH TO DATE,," 35,712,675 ",,,,CASH TODAY, -   ,CASH AT HAND," 35,712,675 ",,DEDUCTIONS, -   ,,TOTAL CASH TO DATE,," 35,712,675 ",,,,CASH TODAY, -   ,CASH AT HAND," 35,712,675 ",,DEDUCTIONS, -   ,,TOTAL CASH TO DATE,," 35,712,675 ",,,,CASH TODAY, -   ,CASH AT HAND," 35,712,675 ",,DEDUCTIONS, -   ,,TOTAL CASH TO DATE,," 35,712,675 ",,,,CASH TODAY, -   ,CASH AT HAND," 35,712,675 ",,DEDUCTIONS, -   ,,TOTAL CASH TO DATE,," 35,712,675 ",,,,CASH TODAY, -   ,CASH AT HAND," 35,712,675 ",,DEDUCTIONS, -   ,,TOTAL CASH TO DATE,," 35,712,675 ",,,,CASH TODAY, -   ,CASH AT HAND," 35,712,675 ",,DEDUCTIONS, -   ,,TOTAL CASH TO DATE,," 35,712,675 ",,,,CASH TODAY, -   ,CASH AT HAND," 35,712,675 ",,DEDUCTIONS, -   ,,TOTAL CASH TO DATE,," 35,712,675 ",,,,CASH TODAY, -   ,CASH AT HAND," 35,712,675 ",,DEDUCTIONS, -   ,,TOTAL CASH TO DATE,," 35,712,675 ",,,,CASH TODAY, -   ,CASH AT HAND," 35,712,675 ",,DEDUCTIONS, -   ,,TOTAL CASH TO DATE,," 35,712,675 ",,,,CASH TODAY, -   ,CASH AT HAND," 35,712,675 ",,DEDUCTIONS, -   ,,TOTAL CASH TO DATE,," 35,712,675 ",,,,CASH TODAY, -   ,CASH AT HAND," 35,712,675 ",,DEDUCTIONS, -   ,,TOTAL CASH TO DATE,," 35,712,675 ",,,,CASH TODAY, -   ,CASH AT HAND," 35,712,675 ",,DEDUCTIONS, -   ,,TOTAL CASH TO DATE,," 35,712,675 ",,,
,,,,,,,,,,,,,,,,,,,,,,,,,,,,,,,,,,,,,,,,,,,,,,,,,,,,,,,,,,,,,,,,,,,,,,,,,,,,,,,,,,,,,,,,,,,,,,,,,,,,,,,,,,,,,,,,,,,,,,,,,,,,,,,,,,,,,,,,,,,,,,,,,,,,,,,,,,,,,,,,,,,,,,,,,,,,,,,,,,,,,,,,,,,,,,,,,,,,,,,,,,,,,,,,,,,,,,,,,,,,,,,,,,,,,,,,,,,,,,,,,,,,,,,,,,,,,,,,,,,,,,,,,,,,,,,,,,,,,,,,,,,,,,,,,,,,,,,,,,,,,,,,,,,,,,,,,,,,,,,,,,,,,,,,,,,,,,,,,,,,,,,,,,,,,,,,,,,,,,,,,,,,,,,,,,,,,,,,,,,,,,,,,,,,,,,,,,,,,,,,,,,,,,,,,,,,,,,,,,,,,,,,,,,,,,,,,,,,,,,,,,,,,,,,,,,,,,,,,,,,,,,,,,,,,,,,,,,,,,,,,,,,,,,,,,,,,,,,,,,,,,,,,,,,,,,,,,,,,,,,,,,,,,,,,,,,,,,,,,,,,,,,,,,,,,,,,,,,,,,,,,,,,,,,,,,,,,,,,,,,,,,,,,,,,,,,,,,,,,,,,,,,,,,,,,,,,,,,,,,,,,,,,,,,,,,,,,,,,,,,,,,,,,,,,,,,,,,,,,,,,,,,,,,,,,,,,,,,,,,,,,,,,,,,,,,,,,,,,,,,,,,,,,,,,,,,,,,,,,,,,,,,,,,,,,,,,,,,,,,,,,,,,,,,,,,
,,,,,,,,,,,,,,,,,,,,,,,,,,,,,,,,,,,,,,,,,,,,,,,,,,,,,,,,,,,,,,,,,,,,,,,,,,,,,,,,,,,,,,,,,,,,,,,,,,,,,,,,,,,,,,,,,,,,,,,,,,,,,,,,,,,,,,,,,,,,,,,,,,,,,,,,,,,,,,,,,,,,,,,,,,,,,,,,,,,,,,,,,,,,,,,,,,,,,,,,,,,,,,,,,,,,,,,,,,,,,,,,,,,,,,,,,,,,,,,,,,,,,,,,,,,,,,,,,,,,,,,,,,,,,,,,,,,,,,,,,,,,,,,,,,,,,,,,,,,,,,,,,,,,,,,,,,,,,,,,,,,,,,,,,,,,,,,,,,,,,,,,,,,,,,,,,,,,,,,,,,,,,,,,,,,,,,,,,,,,,,,,,,,,,,,,,,,,,,,,,,,,,,,,,,,,,,,,,,,,,,,,,,,,,,,,,,,,,,,,,,,,,,,,,,,,,,,,,,,,,,,,,,,,,,,,,,,,,,,,,,,,,,,,,,,,,,,,,,,,,,,,,,,,,,,,,,,,,,,,,,,,,,,,,,,,,,,,,,,,,,,,,,,,,,,,,,,,,,,,,,,,,,,,,,,,,,,,,,,,,,,,,,,,,,,,,,,,,,,,,,,,,,,,,,,,,,,,,,,,,,,,,,,,,,,,,,,,,,,,,,,,,,,,,,,,,,,,,,,,,,,,,,,,,,,,,,,,,,,,,,,,,,,,,,,,,,,,,,,,,,,,,,,,,,,,,,,,,,,,,,,,,,,,,,,,,,,,,,,,,,,,,,,,,,,
,,,,,,,,,,,,,,,,,,,,,,,,,,,,,,,,,,,,,,,,,,,,,,,,,,,,,,,,,,,,,,,,,,,,,,,,,,,,,,,,,,,,,,,,,,,,,,,,,,,,,,,,,,,,,,,,,,,,,,,,,,,,,,,,,,,,,,,,,,,,,,,,,,,,,,,,,,,,,,,,,,,,,,,,,,,,,,,,,,,,,,,,,,,,,,,,,,,,,,,,,,,,,,,,,,,,,,,,,,,,,,,,,,,,,,,,,,,,,,,,,,,,,,,,,,,,,,,,,,,,,,,,,,,,,,,,,,,,,,,,,,,,,,,,,,,,,,,,,,,,,,,,,,,,,,,,,,,,,,,,,,,,,,,,,,,,,,,,,,,,,,,,,,,,,,,,,,,,,,,,,,,,,,,,,,,,,,,,,,,,,,,,,,,,,,,,,,,,,,,,,,,,,,,,,,,,,,,,,,,,,,,,,,,,,,,,,,,,,,,,,,,,,,,,,,,,,,,,,,,,,,,,,,,,,,,,,,,,,,,,,,,,,,,,,,,,,,,,,,,,,,,,,,,,,,,,,,,,,,,,,,,,,,,,,,,,,,,,,,,,,,,,,,,,,,,,,,,,,,,,,,,,,,,,,,,,,,,,,,,,,,,,,,,,,,,,,,,,,,,,,,,,,,,,,,,,,,,,,,,,,,,,,,,,,,,,,,,,,,,,,,,,,,,,,,,,,,,,,,,,,,,,,,,,,,, ,,,,,,,,,,,,,,,,,,,,,,,,,,,,,,,,,,,,,,,,,,,,,,,,,,,,,,,,,,,,,,,,,,,,,,,,,,,,,,,,
,,,,,,,,,,,,,,,,,,,,,,,,,,,,,,,,,,,,,,,,,,,,,,,,,,,,,,,,,,,,,,,,,,,,,,,,,,,,,,,,,,,,,,,,,,,,,,,,,,,,,,,,,,,,,,,,,,,,,,,,,,,,,,,,,,,,,,,,,,,,,,,,,,,,,,,,,,,,,,,,,,,,,,,,,,,,,,,,,,,,,,,,,,,,,,,,,,,,,,,,,,,,,,,,,,,,,,,,,,,,,,,,,,,,,,,,,,,,,,,,,,,,,,,,,,,,,,,,,,,,,,,,,,,,,,,,,,,,,,,,,,,,,,,,,,,,,,,,,,,,,,,,,,,,,,,,,,,,,,,,,,,,,,,,,,,,,,,,,,,,,,,,,,,,,,,,,,,,,,,,,,,,,,,,,,,,,,,,,,,,,,,,,,,,,,,,,,,,,,   ,,,,,,,,,,,,,,,,,,,,,,,,,,,,,,,,,,,,,,,,,,,,,,,,,,,,,,,,,,,,,,,,,,,,,,,,,,,,,,,,,,,,,,,,,,,,,,,,,,,,,,,,,,,,,,,,,,,,,,,,,,,,,,,,,,,,,,,,,,,,,,,,,,,,,,,,,,,,,,,,,,,,,,,,,,,,,,,,,,,,,,,,,,,,,,,,,,,,,,,,,,,,,,,,,,,,,,,,,,,,,,,,,,,,,,,,,,,,,,,,,,,,,,,,,,,,,,,,,,,,,,,,,,,,,,,,,,,,,,,,,,,,,,,,,,,,,,,,,,,,,,,,,,,,,,,,,,,,,,,,,,,,,,,,,,,,,,,,,,,,,,,,,,,,,,,,,
,,,,,,,,,,,,,,,,,,,,,,,,,,,,,,,,,,,,,,,,,,,,,,,,,,,,,,,,,,,,,,,,,,,,,,,,,,,,,,,,,,,,,,,,,,,,,,,,,,,,,,,,,,,,,,,,,,,,,,,,,,,,,,,,,,,,,,,,,,,,,,,,,,,,,,,,,,,,,,,,,,,,,,,,,,,,,,,,,,,,,,,,,,,,,,,,,,,,,,,,,,,,,,,,,,,,,,,,,,,,,,,,,,,,,,,,,,,,,,,,,,,,,,,,,,,,,,,,,,,,,,,,,,,,,,,,,,,,,,,,,,,,,,,,,,,,,,,,,,,,,,,,,,,,,,,,,,,,,,,,,,,,,,,,,,,,,,,,,,,,,,,,,,,,,,,,,,,,,,,,,,,,,,,,,,,,,,,,,,,,,,,,,,,,,,,,,,,,,,,,,,,,,,,,,,,,,,,,,,,,,,,,,,,,,,,,,,,,,,,,,,,,,,,,,,,,,,,,,,,,,,,,,,,,,,,,,,,,,,,,,,,,,,,,,,,,,,,,,,,,,,,,,,,,,,,,,,,,,,,,,,,,,,,,,,,,,,,,,,,,,,,,,,,,,,,,,,,,,,,,,,,,,,,,,,,,,,,,,,,,,,,,,,,,,,,,,,,,,,,,,,,,,,,,,,,,,,,,,,,,,,,,,,,,,,,,,,,,,,,,,,,,,,,,,,,,,,,,,,,,,,,,,,,,,,,,,,,,,,,,,,,,,,,,,,,,,,,,,,,,,,,,,,,,,,,,,,,,,,,,,,,,,,,,,,,,,,,,,,,,,,,,,,,,,,,
,,,,,,,,,,,,,,,,,,,,,,,,,,,,,,,,,,,,,,,,,,,,,,,,,,,,,,,,,,,,,,,,,,,,,,,,,,,,,,,,,,,,,,,,,,,,,,,,,,,,,,,,,,,,,,,,,,,,,,,,,,,,,,,,,,,,,,,,,,,,,,,,,,,,,,,,,,,,,,,,,,,,,,,,,,,,,,,,,,,,,,,,,,,,,,,,,,,,,,,,,,,,,,,,,,,,,,,,,,,,,,,,,,,,,,,,,,,,,,,,,,,,, ,,,,,,,,,,,,,,,,,,,,,,,,,,,,,,,,,,,,,,,,,,,,,,,,,,,,,,,,,,,,,,,,,,,,,,,,,,,,,,,,,,,,,,,,,,,,,,,,,,,,,,,,,,,,,,,,,,,,,,,,,,,,,,,,,,,,,,,,,,,,,,,,,,,,,,,,,,,,,,,,,,,,,,,,,,,,,,,,,,,,,,,,,,,,,,,,,,,,,,,,,,,,,,,,,,,,,,,,,,,,,,,,,,,,,,,,,,,,,,,,,,,,,,,,,,,,,,,,,,,,,,,,,,,,,,,,,,,,,,,,,,,,,,,,,,,,,,,,,,,,,,,,,,,,,,,,,,,,,,,,,,,,,,,,,,,,,,,,,,,,,,,,,,,,,,,,,,,,,,,,,,,,,,,,,,,,,,,,,,,,,,,,,,,,,,,,,,,,,,,,,,,,,,,,,,,,,,,,,,,,,,,,,,,,,,,,,,,,,,,,,,,,,,,,,,,,,,,,,,,,,,,,,,,,,,,,,,,,,,,,,,,,,,,,,,,,,,,,,,,,,,,,,,
