,GOD IS ABLE SAVING GROUP CMMF 2025-2026,,,,,,,,,,,,
,LOAN LEDGER,,,,10%/12% INTEREST FOR MT LOANS & 5% FOR ST LOANS & 12% ON LT LOANS,NB:5% OF INSTALLEMENT IS LOAN DELAY FINE.,,,,,last update18/08/2025,,osBal
,No.,DATE/phone contacts,NAME, AMOUNT BORROWED ,MONTHLY INTEREST,PRINCIPLE,REPAY DATE, AMOUNT PAID ,OUTSTANDING BAL,OUTSTANDING FINES,TOTAL LOAN DUE,total loan load,"UGX 100,872,110.00"
,12,7/Apr/19,KIRUMIRA KIMBERLY," 3,600,000.00 "," 36,000.00 ","UGX 360,000.00",09/06/2019," 300,300.00 ","UGX 3,659,700.00","UGX 19,800.00",,"UGX 101,633,433.33","UGX 102,286,910.00"
,,+256785599587,,," 36,000.00 ","UGX 360,000.00",07/07/2019," 277,000.00 ","UGX 3,382,700.00","UGX 19,800.00","UGX 1,414,800.00",elly,
,,+256752520684,INSTALLMENT,," 36,000.00 ","UGX 360,000.00",04/08/2019," 380,000.00 ","UGX 3,002,700.00","UGX 19,800.00",,papa,
,,,"UGX 396,000.00",," 36,000.00 ","UGX 360,000.00",01/09/2019," 68,400.00 ","UGX 2,934,300.00","UGX 19,800.00",,,
,,,,," 36,000.00 ","UGX 360,000.00",29/09/2019," 109,500.00 ","UGX 2,824,800.00","UGX 19,800.00",,"UGX 1,790,900",offset btwn manual and loan status ledger
,,,,," 36,000.00 ","UGX 360,000.00",27/10/2019," 1,060,000.00 ","UGX 1,764,800.00","UGX 19,800.00",,"-UGX 653,476.67",PENDING LOAN FINES
,,,,," 36,000.00 ","UGX 360,000.00",24/11/2019," 200,000.00 ","UGX 1,564,800.00","UGX 19,800.00",,,
,,,,," 36,000.00 ","UGX 360,000.00",22/12/2019," 150,000.00 ","UGX 1,414,800.00","UGX 19,800.00",,,
,,,,," 36,000.00 ","UGX 360,000.00",19/01/2020,,"UGX 1,414,800.00","UGX 19,800.00",,,
,,,,," 36,000.00 ","UGX 360,000.00",16/02/2020,,"UGX 1,414,800.00","UGX 19,800.00",,,
,,,LOAN TOTAL,"UGX 3,960,000.00","UGX 360,000.00","UGX 3,600,000.00",," 2,545,200.00 ",,UGX 0.00,,,
,, YEAR 2020/2021 ,,,,,,,,,,,
,,,,,,,,,,,,,
18,2,30/May/21,MWESIGYE JONAH," 5,200,000.00 ","UGX 34,666.67","UGX 288,888.89",01/08/2021," 287,000.00 ","UGX 5,537,000.00","UGX 16,177.78",,,
,,,,,"UGX 34,666.67","UGX 288,888.89",29/08/2021," 2,500,000.00 ","UGX 3,037,000.00","UGX 16,177.78",,,
,,+256702422010,,,"UGX 34,666.67","UGX 288,888.89",26/09/2021," 500,000.00 ","UGX 2,537,000.00","UGX 16,177.78",,,
,,+256772565980,"UGX 323,555.56",,"UGX 34,666.67","UGX 288,888.89",24/10/2021,,"UGX 2,537,000.00","UGX 16,177.78",,,
,,,,,"UGX 34,666.67","UGX 288,888.89",21/11/2021,,"UGX 2,537,000.00","UGX 16,177.78",,,
,,,,,"UGX 34,666.67","UGX 288,888.89",19/12/2021,,"UGX 2,537,000.00","UGX 16,177.78","UGX 2,537,000.00",womayi job,
,,,,,"UGX 34,666.67","UGX 288,888.89",16/01/2022,,"UGX 2,537,000.00","UGX 16,177.78",,MUHIIRWE MADINAH,
,,,,,"UGX 34,666.67","UGX 288,888.89",13/02/2022,,"UGX 2,537,000.00","UGX 16,177.78",,,
,,,,,"UGX 34,666.67","UGX 288,888.89",13/03/2022,,"UGX 2,537,000.00","UGX 16,177.78",,,
,,,,,"UGX 34,666.67","UGX 288,888.89",10/04/2022,,"UGX 2,537,000.00","UGX 16,177.78",,,
,,,,,"UGX 34,666.67","UGX 288,888.89",08/05/2022,,"UGX 2,537,000.00","UGX 16,177.78",,,
,,,,,"UGX 34,666.67","UGX 288,888.89",05/06/2022,,"UGX 2,537,000.00","UGX 16,177.78",,,
,,,,,"UGX 34,666.67","UGX 288,888.89",03/07/2022,,"UGX 2,537,000.00","UGX 16,177.78",,,
,,,,,"UGX 34,666.67","UGX 288,888.89",31/07/2022,,"UGX 2,537,000.00","UGX 16,177.78",,,
,,,,,"UGX 34,666.67","UGX 288,888.89",28/08/2022,,"UGX 2,537,000.00","UGX 16,177.78",,,
,,,,,"UGX 34,666.67","UGX 288,888.89",25/09/2022,,"UGX 2,537,000.00","UGX 16,177.78",,,
,,,,,"UGX 34,666.67","UGX 288,888.89",23/10/2022,,"UGX 2,537,000.00","UGX 16,177.78",,,
,,,,,"UGX 34,666.67","UGX 288,888.89",20/11/2022,,"UGX 2,537,000.00","UGX 16,177.78",,,
,,,,"UGX 5,824,000.00","UGX 624,000.00","UGX 5,200,000.00",," 3,287,000.00 ",,UGX 0.00,,,
,,,,yr  2022/2023,,,,,,,,,
12,18,24/Jun/24,NAKALEMA ROSE," 10,000,000.00 ","UGX 75,000.00","UGX 625,000.00",25 Aug 2024," 700,000.00 ","UGX 10,500,000.00",,,,
,CLEARED,,,,"UGX 75,000.00","UGX 625,000.00",29 Sep 2024," 1,400,000.00 ","UGX 9,100,000.00",,,,
,,,INSTALLMENT,,"UGX 75,000.00","UGX 625,000.00",27 Oct 2024," 1,400,000.00 ","UGX 7,700,000.00",,,Muhiirwe & Chris,
,,,"UGX 700,000.00",,"UGX 75,000.00","UGX 625,000.00",24 Nov 2024,,"UGX 7,700,000.00",,,,
,,,,,"UGX 75,000.00","UGX 625,000.00",29 Dec 2024,,"UGX 7,700,000.00",,,,
,,,,,"UGX 75,000.00","UGX 625,000.00",26 Jan 2025," 700,000.00 ","UGX 7,000,000.00","UGX 35,000.00",UGX 0.00,,
,,,,,"UGX 75,000.00","UGX 625,000.00",23 Feb 2025," 700,000.00 ","UGX 6,300,000.00","UGX 35,000.00",,,
,,,,,"UGX 75,000.00","UGX 625,000.00",30 Mar 2025," 700,000.00 ","UGX 5,600,000.00","UGX 35,000.00",,,
,,,,,"UGX 75,000.00","UGX 625,000.00",27 Apr 2025," 700,000.00 ","UGX 4,900,000.00",,,,
,,,,,"UGX 75,000.00","UGX 625,000.00",25 May 2025," 700,000.00 ","UGX 4,200,000.00","UGX 35,000.00",,,
,,,,,"UGX 75,000.00","UGX 625,000.00",29 Jun 2025," 4,200,000.00 ",UGX 0.00,,,,
,,,,,"UGX 75,000.00","UGX 625,000.00",27 Jul 2025,,UGX 0.00,,,,
,,,,,"UGX 75,000.00","UGX 625,000.00",31 Aug 2025,,UGX 0.00,,,,
,,,,,"UGX 75,000.00","UGX 625,000.00",28 Sep 2025,,UGX 0.00,,,,
,,,,,"UGX 75,000.00","UGX 625,000.00",26 Oct 2025,,UGX 0.00,,,,
,,,,,"UGX 75,000.00","UGX 625,000.00",30 Nov 2025,,UGX 0.00,,,,
,,,LOAN TOTAL,"UGX 11,200,000.00","UGX 1,200,000.00","UGX 10,000,000.00",," 11,200,000.00 ",,UGX 0.00,,,
,,,,yr  2024/2025,,,,,,,,,
7,12,29/Sep/24,SSEMWOGERERE DOUGLAS," 5,000,000.00 ","UGX 50,000.00","UGX 500,000.00",01/12/2024," 560,000.00 ","UGX 4,940,000",,,,
,CLEARED,,,,"UGX 50,000.00","UGX 500,000.00",05/01/2025," 560,000.00 ","UGX 4,380,000",,,CHRIS AND BRIDGET,
,,,INSTALLMENT,,"UGX 50,000.00","UGX 500,000.00",02/02/2025," 560,000.00 ","UGX 3,820,000","UGX 27,500.00",,,
,,,"UGX 550,000.00",,"UGX 50,000.00","UGX 500,000.00",02/03/2025," 560,000.00 ","UGX 3,260,000",,UGX 0.00,,
,,,,,"UGX 50,000.00","UGX 500,000.00",06/04/2025," 505,000.00 ","UGX 2,755,000","UGX 27,500.00",,,
,,,,,"UGX 50,000.00","UGX 500,000.00",04/05/2025," 560,000.00 ","UGX 2,195,000",,,,
,,,,,"UGX 50,000.00","UGX 500,000.00",01/06/2025," 560,000.00 ","UGX 1,635,000","UGX 27,500.00",,,
,,,,,"UGX 50,000.00","UGX 500,000.00",06/07/2025,,"UGX 1,635,000","UGX 27,500.00",,,
,,,,,"UGX 50,000.00","UGX 500,000.00",03/08/2025," 1,635,000.00 ",UGX 0,"UGX 27,500.00",,,
,,,,,"UGX 50,000.00","UGX 500,000.00",07/09/2025,,UGX 0,,,,
,,,LOAN TOTAL,"UGX 5,500,000.00","UGX 500,000.00","UGX 5,000,000.00",," 5,500,000.00 ",,UGX 0.00,,,
8,19,6/Oct/24,NAMAKULA BRIDGET," 3,500,000.00 ","UGX 35,000.00","UGX 350,000.00",08/12/2024," 385,000.00 ","UGX 3,465,000","UGX 19,250.00",,,
,CLEARED,,,,"UGX 35,000.00","UGX 350,000.00",12/01/2025," 385,000.00 ","UGX 3,080,000","UGX 19,250.00",,DOUGLAS & ELLY,
,,,INSTALLMENT,,"UGX 35,000.00","UGX 350,000.00",09/02/2025," 385,000.00 ","UGX 2,695,000",,,,
,,,"UGX 385,000.00",,"UGX 35,000.00","UGX 350,000.00",09/03/2025," 385,000.00 ","UGX 2,310,000",,UGX 0.00,,
,,,,,"UGX 35,000.00","UGX 350,000.00",13/04/2025," 385,000.00 ","UGX 1,925,000",,,,
,,,,,"UGX 35,000.00","UGX 350,000.00",11/05/2025," 385,000.00 ","UGX 1,540,000",,,,
,,,,,"UGX 35,000.00","UGX 350,000.00",08/06/2025," 385,000.00 ","UGX 1,155,000",,,,
,,,,,"UGX 35,000.00","UGX 350,000.00",13/07/2025," 385,000.00 ","UGX 770,000",,,,
,,,,,"UGX 35,000.00","UGX 350,000.00",10/08/2025," 385,000.00 ","UGX 385,000",,,,
,,,,,"UGX 35,000.00","UGX 350,000.00",14/09/2025," 385,000.00 ",UGX 0,,,,
,,,LOAN TOTAL,"UGX 3,850,000.00","UGX 350,000.00","UGX 3,500,000.00",," 3,850,000.00 ",,UGX 0.00,,,
11,17,5/Nov/24,MUHIIRE MADIINA," 4,500,000.00 ","UGX 45,000.00","UGX 450,000.00",05/01/2025,,"UGX 4,950,000","UGX 24,750.00",,,
,,,,,"UGX 45,000.00","UGX 450,000.00",09/02/2025," 495,000.00 ","UGX 4,455,000","UGX 24,750.00",,SHARON AND CHRIS,
,,,INSTALLMENT,,"UGX 45,000.00","UGX 450,000.00",09/03/2025," 376,250.00 ","UGX 4,078,750","UGX 24,750.00",,,
,,,"UGX 495,000.00",,"UGX 45,000.00","UGX 450,000.00",06/04/2025," 500,000.00 ","UGX 3,578,750","UGX 24,750.00","UGX 2,653,000.00",,
,,,,,"UGX 45,000.00","UGX 450,000.00",04/05/2025," 500,000.00 ","UGX 3,078,750","UGX 24,750.00",,,
,,,,,"UGX 45,000.00","UGX 450,000.00",08/06/2025," 500,000.00 ","UGX 2,578,750","UGX 24,750.00",,,
,,,,,"UGX 45,000.00","UGX 450,000.00",06/07/2025,,"UGX 2,578,750","UGX 24,750.00",,,
,,,,,"UGX 45,000.00","UGX 450,000.00",03/08/2025,,"UGX 2,578,750","UGX 24,750.00",,,
,,,,,"UGX 45,000.00","UGX 450,000.00",07/09/2025,,"UGX 2,578,750",,,,
,,,,,"UGX 45,000.00","UGX 450,000.00",05/10/2025,,"UGX 2,578,750","UGX 24,750.00",,,
,,,LOAN TOTAL,"UGX 4,950,000.00","UGX 450,000.00","UGX 4,500,000.00",," 2,371,250.00 ",,"UGX 74,250.00",,,
13,16,8/Dec/24,SENYUNGULE SHARIF," 5,100,000.00 ","UGX 35,700.00","UGX 255,000.00",9 Feb 2025," 290,700 ","UGX 5,523,300.00"," 14,535.00 ",,,
,,,,,"UGX 35,700.00","UGX 255,000.00",9 Mar 2025," 290,700.00 ","UGX 5,232,600.00","UGX 14,535.00",,,
,,,INSTALLMENT,,"UGX 35,700.00","UGX 255,000.00",6 Apr 2025," 224,800.00 ","UGX 5,007,800.00","UGX 14,535.00",,,
,,,"UGX 290,700.00",,"UGX 35,700.00","UGX 255,000.00",4 May 2025,,"UGX 5,007,800.00","UGX 14,535.00","UGX 5,065,940.00",JONNAH AND ELLY,
,,,,,"UGX 35,700.00","UGX 255,000.00",8 Jun 2025,,"UGX 5,007,800.00","UGX 14,535.00",,,
,,,,,"UGX 35,700.00","UGX 255,000.00",6 Jul 2025,,"UGX 5,007,800.00","UGX 14,535.00",,,
,,,,,"UGX 35,700.00","UGX 255,000.00",3 Aug 2025,,"UGX 5,007,800.00","UGX 14,535.00",,,
,,,,,"UGX 35,700.00","UGX 255,000.00",7 Sep 2025,,"UGX 5,007,800.00","UGX 14,535.00",,,
,,,,,"UGX 35,700.00","UGX 255,000.00",5 Oct 2025,,"UGX 5,007,800.00","UGX 14,535.00",,,
,,,,,"UGX 35,700.00","UGX 255,000.00",2 Nov 2025,,"UGX 5,007,800.00",,,,
,,,,,"UGX 35,700.00","UGX 255,000.00",7 Dec 2025,,"UGX 5,007,800.00",,,,
,,,,,"UGX 35,700.00","UGX 255,000.00",4 Jan 2026,,"UGX 5,007,800.00",,,,
,,,,,"UGX 35,700.00","UGX 255,000.00",8 Feb 2026,,"UGX 5,007,800.00",,,,
,,,,,"UGX 35,700.00","UGX 255,000.00",8 Mar 2026,,"UGX 5,007,800.00",,,,
,,,,,"UGX 35,700.00","UGX 255,000.00",5 Apr 2026,,"UGX 5,007,800.00",,,,
,,,,,"UGX 35,700.00","UGX 255,000.00",3 May 2026,,"UGX 5,007,800.00",,,,
,,,,,"UGX 35,700.00","UGX 255,000.00",7 Jun 2026,,"UGX 5,007,800.00",,,,
,,,,,"UGX 35,700.00","UGX 255,000.00",5 Jul 2026,,"UGX 5,007,800.00",,,,
,,,,,"UGX 35,700.00","UGX 255,000.00",9 Aug 2025,,"UGX 5,007,800.00",,,,
,,,,,"UGX 35,700.00","UGX 255,000.00",6 Sep 2026,,"UGX 5,007,800.00",,,,
,,,LOAN TOTAL,"UGX 5,814,000.00","UGX 714,000.00","UGX 5,100,000.00",," 806,200.00 ",,"UGX 58,140.00",,,
14,15,23/Dec/24,NANCY KAZIBWE," 1,500,000.00 ","UGX 25,000.00","UGX 250,000.00",23-Feb-25," 700,000.00 ","UGX 950,000",,,,
,,,,,"UGX 25,000.00","UGX 250,000.00",23/03/2025," 300,000.00 ","UGX 650,000",,UGX 0.00,,
,,,INSTALLMENT,,"UGX 25,000.00","UGX 250,000.00",20-Apr-25," 100,000.00 ","UGX 550,000",,,SHARON AND CLAIRE,
,cleared,,"UGX 275,000.00",,"UGX 25,000.00","UGX 250,000.00",25-May-25," 500,000.00 ","UGX 50,000",,,,
,,,,,"UGX 25,000.00","UGX 250,000.00",22-Jun-25," 50,000.00 ",UGX 0,"UGX 13,750.00",,,
,,,,,"UGX 25,000.00","UGX 250,000.00",20-Jul-25,,UGX 0,"UGX 13,750.00",,,
,,,LOAN TOTAL,"UGX 1,650,000.00","UGX 150,000.00","UGX 1,500,000.00",," 1,650,000.00 ",,UGX 0.00,,,
15,14,20/Mar/25,BABIRYE CLAIRE," 2,000,000.00 ","UGX 33,333.33","UGX 333,333.33",18-May-25,,"UGX 2,200,000.00","UGX 18,333.33",,,
,,,,,"UGX 33,333.33","UGX 333,333.33",22/06/2025,,"UGX 2,200,000.00","UGX 18,333.33","UGX 2,255,000.00",SHARON AND ROSE,
,,,INSTALLMENT,,"UGX 33,333.33","UGX 333,333.33",20-Jul-25,,"UGX 2,200,000.00","UGX 18,333.33",,,
,,,"UGX 366,666.67",,"UGX 33,333.33","UGX 333,333.33",17-Aug-25,,"UGX 2,200,000.00","UGX 18,333.33",,,
,,,,,"UGX 33,333.33","UGX 333,333.33",21-Sep-25,,"UGX 2,200,000.00","UGX 18,333.33",,,
,,,,,"UGX 33,333.33","UGX 333,333.33",19-Oct-25,,"UGX 2,200,000.00",,,,
,,,LOAN TOTAL,"UGX 2,200,000.00","UGX 200,000.00","UGX 2,000,000.00",,,,"UGX 55,000.00",,,
,,,,,,,,,,,,,
16,11,30/Mar/25,MUHUMUZA JONAH," 3,000,000.00 ","UGX 30,000.00","UGX 300,000.00",01/06/2025," 330,000.00 ","UGX 2,970,000",,,,
,,,,,"UGX 30,000.00","UGX 300,000.00",06/07/2025," 660,000.00 ","UGX 2,310,000",,,BRIAN AND MAGALA,
,,,INSTALLMENT,,"UGX 30,000.00","UGX 300,000.00",03/08/2025,,"UGX 2,310,000",,,,
,,,"UGX 330,000.00",,"UGX 30,000.00","UGX 300,000.00",07/09/2025,,"UGX 2,310,000","UGX 16,500.00","UGX 2,343,000.00",,
,,,,,"UGX 30,000.00","UGX 300,000.00",05/10/2025,,"UGX 2,310,000","UGX 16,500.00",,,
,,,,,"UGX 30,000.00","UGX 300,000.00",02/11/2025,,"UGX 2,310,000",,,,
,,,,,"UGX 30,000.00","UGX 300,000.00",07/12/2025,,"UGX 2,310,000",,,,
,,,,,"UGX 30,000.00","UGX 300,000.00",04/01/2026,,"UGX 2,310,000",,,,
,,,,,"UGX 30,000.00","UGX 300,000.00",08/02/2026,,"UGX 2,310,000",,,,
,,,,,"UGX 30,000.00","UGX 300,000.00",08/03/2026,,"UGX 2,310,000",,,,
,,,LOAN TOTAL,"UGX 3,300,000.00","UGX 300,000.00","UGX 3,000,000.00",," 990,000.00 ",,"UGX 33,000.00",,,
18,9,23/Apr/25,MWESIGE CHRISTOPHER," 4,900,000.00 ","UGX 49,000.00","UGX 490,000.00",22/06/2025,,"UGX 5,390,000","UGX 26,950.00",,,
,,,,,"UGX 49,000.00","UGX 490,000.00",20/07/2025,,"UGX 5,390,000","UGX 26,950.00",,KIMULI AND ELLY,
,,,INSTALLMENT,,"UGX 49,000.00","UGX 490,000.00",17/08/2025,,"UGX 5,390,000","UGX 26,950.00",,,
,,,"UGX 539,000.00",,"UGX 49,000.00","UGX 490,000.00",14/09/2025,,"UGX 5,390,000","UGX 26,950.00","UGX 5,497,800.00",,
,,,,,"UGX 49,000.00","UGX 490,000.00",12/10/2025,,"UGX 5,390,000","UGX 26,950.00",,,
,,,,,"UGX 49,000.00","UGX 490,000.00",09/11/2025,,"UGX 5,390,000",,,,
,,,,,"UGX 49,000.00","UGX 490,000.00",14/12/2025,,"UGX 5,390,000",,,,
,,,,,"UGX 49,000.00","UGX 490,000.00",11/01/2026,,"UGX 5,390,000",,,,
,,,,,"UGX 49,000.00","UGX 490,000.00",08/02/2026,,"UGX 5,390,000",,,,
,,,,,"UGX 49,000.00","UGX 490,000.00",15/03/2026,,"UGX 5,390,000",,,,
,,,LOAN TOTAL,"UGX 5,390,000.00","UGX 490,000.00","UGX 4,900,000.00",, -   ,,"UGX 107,800.00",,,
19,7,28/May/25,NASAAZI SHARON," 8,600,000.00 ","UGX 60,200.00","UGX 430,000.00",27 Jul 2025," 500,000.00 ","UGX 9,304,000.00",,,,
,,,,,"UGX 60,200.00","UGX 430,000.00",24 Aug 2025," 500,000.00 ","UGX 9,304,000.00",,,,
,,,INSTALLMENT,,"UGX 60,200.00","UGX 430,000.00",21 Sep 2025," 500,000.00 ","UGX 9,304,000.00",,,ELLY AND KUMET,
,,,"UGX 490,200.00",,"UGX 60,200.00","UGX 430,000.00",26 Oct 2025,,"UGX 9,304,000.00",,,,
,,,,,"UGX 60,200.00","UGX 430,000.00",23 Nov 2025,,"UGX 9,304,000.00",,,,
,,,,,"UGX 60,200.00","UGX 430,000.00",21 Dec 2025,,"UGX 9,304,000.00",,,,
,,,,,"UGX 60,200.00","UGX 430,000.00",25 Jan 2026,,"UGX 9,304,000.00",,,,
,,,,,"UGX 60,200.00","UGX 430,000.00",22 Feb 2026,,"UGX 9,304,000.00",,,,
,,,,,"UGX 60,200.00","UGX 430,000.00",22 Mar 2026,,"UGX 9,304,000.00",,,,
,,,,,"UGX 60,200.00","UGX 430,000.00",26 Apr 2026,,"UGX 9,304,000.00",,"UGX 8,304,000.00",,
,,,,,"UGX 60,200.00","UGX 430,000.00",24 May 2026,,"UGX 9,304,000.00",,,,
,,,,,"UGX 60,200.00","UGX 430,000.00",21 Jun 2026,,"UGX 9,304,000.00",,,,
,,,,,"UGX 60,200.00","UGX 430,000.00",26 Jul 2026,,"UGX 9,304,000.00",,,,
,,,,,"UGX 60,200.00","UGX 430,000.00",23 Aug 2026,,"UGX 9,304,000.00",,,,
,,,,,"UGX 60,200.00","UGX 430,000.00",20 Sep 2026,,"UGX 9,304,000.00",,,,
,,,,,"UGX 60,200.00","UGX 430,000.00",25 Oct 2026,,"UGX 9,304,000.00",,,,
,,,,,"UGX 60,200.00","UGX 430,000.00",22 Nov 2026,,"UGX 9,304,000.00",,,,
,,,,,"UGX 60,200.00","UGX 430,000.00",27 Dec 2026,,"UGX 9,304,000.00",,,,
,,,,,"UGX 60,200.00","UGX 430,000.00",24 Jan 2027,,"UGX 9,304,000.00",,,,
,,,,,"UGX 60,200.00","UGX 430,000.00",28 Feb 2027,,"UGX 9,304,000.00",,,,
,,,LOAN TOTAL,"UGX 9,804,000.00","UGX 1,204,000.00","UGX 8,600,000.00",," 1,500,000.00 ",,UGX 0.00,,,
20,4,28/May/25,KIMULI BASHIR," 7,000,000.00 ","UGX 70,000.00","UGX 700,000.00",27 Jul 2025," 800,000.00 ","UGX 6,900,000",,,,
,,,,,"UGX 70,000.00","UGX 700,000.00",24 Aug 2025," 800,000.00 ","UGX 6,100,000",,,CHRISTOPHER AND ROSE,
,,,INSTALLMENT,,"UGX 70,000.00","UGX 700,000.00",21 Sep 2025," 800,000.00 ","UGX 5,300,000",,,,
,,,"UGX 770,000.00",,"UGX 70,000.00","UGX 700,000.00",26 Oct 2025,,"UGX 5,300,000",,"UGX 5,300,000.00",,
,,,,,"UGX 70,000.00","UGX 700,000.00",23 Nov 2025,,"UGX 5,300,000",,,,
,,,,,"UGX 70,000.00","UGX 700,000.00",21 Dec 2025,,"UGX 5,300,000",,,,
,,,,,"UGX 70,000.00","UGX 700,000.00",25 Jan 2026,,"UGX 5,300,000",,,,
,,,,,"UGX 70,000.00","UGX 700,000.00",22 Feb 2026,,"UGX 5,300,000",,,,
,,,,,"UGX 70,000.00","UGX 700,000.00",22 Mar 2026,,"UGX 5,300,000",,,,
,,,,,"UGX 70,000.00","UGX 700,000.00",26 Apr 2026,,"UGX 5,300,000",,,,
,,,LOAN TOTAL,"UGX 7,700,000.00","UGX 700,000.00","UGX 7,000,000.00",," 2,400,000.00 ",,UGX 0.00,,,
22,8,30/Jun/25,BASIRIKA AIDAH," 3,000,000.00 ","UGX 30,000.00","UGX 300,000.00",31/08/2025," 330,000.00 ","UGX 2,970,000",,,,
,,,,,"UGX 30,000.00","UGX 300,000.00",28/09/2025," 330,000.00 ","UGX 2,640,000",,,MAHAD  AND BRIAN,
,,,INSTALLMENT,,"UGX 30,000.00","UGX 300,000.00",26/10/2025,,"UGX 2,640,000",,,,
,,,"UGX 330,000.00",,"UGX 30,000.00","UGX 300,000.00",23/11/2025,,"UGX 2,640,000",,"UGX 2,640,000.00",,
,,,,,"UGX 30,000.00","UGX 300,000.00",21/12/2025,,"UGX 2,640,000",,,,
,,,,,"UGX 30,000.00","UGX 300,000.00",25/01/2026,,"UGX 2,640,000",,,,
,,,,,"UGX 30,000.00","UGX 300,000.00",22/02/2026,,"UGX 2,640,000",,,,
,,,,,"UGX 30,000.00","UGX 300,000.00",22/03/2026,,"UGX 2,640,000",,,,
,,,,,"UGX 30,000.00","UGX 300,000.00",26/04/2026,,"UGX 2,640,000",,,,
,,,,,"UGX 30,000.00","UGX 300,000.00",24/05/2026,,"UGX 2,640,000",,,,
,,,LOAN TOTAL,"UGX 3,300,000.00","UGX 300,000.00","UGX 3,000,000.00",," 660,000.00 ",,UGX 0.00,,,
23,9,1/Jul/25,KUKKIRIZA EMMANUEL," 5,010,000.00 ","UGX 35,070.00","UGX 250,500.00",31 Aug 2026," 3,426,840 ","UGX 2,284,560.00",,,,
,,,,,"UGX 35,070.00","UGX 250,500.00",28/09/2025,,"UGX 2,284,560.00",,,,
,,,INSTALLMENT,,"UGX 35,070.00","UGX 250,500.00",26/10/2025,,"UGX 2,284,560.00",,,,
,,,"UGX 285,570.00",,"UGX 35,070.00","UGX 250,500.00",23/11/2025,,"UGX 2,284,560.00",,"UGX 2,284,560.00",SHARON AND ELLY,
,,,,,"UGX 35,070.00","UGX 250,500.00",21/12/2025,,"UGX 2,284,560.00",,,,
,,,,,"UGX 35,070.00","UGX 250,500.00",25/01/2026,,"UGX 2,284,560.00",,,,
,,,,,"UGX 35,070.00","UGX 250,500.00",22/02/2026,,"UGX 2,284,560.00",,,,
,,,,,"UGX 35,070.00","UGX 250,500.00",22/03/2026,,"UGX 2,284,560.00",,,,
,,,,,"UGX 35,070.00","UGX 250,500.00",26/04/2026,,"UGX 2,284,560.00",,,,
,,,,,"UGX 35,070.00","UGX 250,500.00",24/05/2026,,"UGX 2,284,560.00",,,,
,,,,,"UGX 35,070.00","UGX 250,500.00",28 Jun 2026,,"UGX 2,284,560.00",,,,
,,,,,"UGX 35,070.00","UGX 250,500.00",26 Jul 2026,,"UGX 2,284,560.00",,,,
,,,,,"UGX 35,070.00","UGX 250,500.00",23 Aug 2026,,"UGX 2,284,560.00",,,,
,,,,,"UGX 35,070.00","UGX 250,500.00",27 Sep 2026,,"UGX 2,284,560.00",,,,
,,,,,"UGX 35,070.00","UGX 250,500.00",25 Oct 2026,,"UGX 2,284,560.00",,,,
,,,,,"UGX 35,070.00","UGX 250,500.00",22 Nov 2026,,"UGX 2,284,560.00",,,,
,,,,,"UGX 35,070.00","UGX 250,500.00",20 Dec 2026,,"UGX 2,284,560.00",,,,
,,,,,"UGX 35,070.00","UGX 250,500.00",24 Jan 2027,,"UGX 2,284,560.00",,,,
,,,,,"UGX 35,070.00","UGX 250,500.00",21 Feb 2027,,"UGX 2,284,560.00",,,,
,,,,,"UGX 35,070.00","UGX 250,500.00",21 Mar 2027,,"UGX 2,284,560.00",,,,
,,,LOAN TOTAL,"UGX 5,711,400.00","UGX 701,400.00","UGX 5,010,000.00",," 3,426,840.00 ",,UGX 0.00,,,
,,,,,,,,,,,,,
,,,,yr  2025/2026,,,,,,,,,
,,,,,,,,,,,,,
,,,,,,,,,,,,,
1,24,7/Jul/25,MUKIIBI MIKE," 400,000.00 ","UGX 5,000.00","UGX 100,000.00",03/08/2025," 105,000.00 ","UGX 315,000.00",,,,
,,,,,"UGX 5,000.00","UGX 100,000.00",07/09/2025," 110,000.00 ","UGX 205,000.00",,"UGX 105,000.00",,
,,,,,"UGX 5,000.00","UGX 100,000.00",05/10/2025," 100,000 ","UGX 105,000.00",,,,
,,,,,"UGX 5,000.00","UGX 100,000.00",02/11/2025,,"UGX 105,000.00",,,,
,,,LOAN TOTAL,"UGX 420,000.00","UGX 20,000.00","UGX 400,000.00",," 315,000.00 ",,UGX 0.00,,,
2,10,14/Jul/25,NASAASIRA DAVID," 1,000,000.00 ","UGX 16,666.67","UGX 166,666.67",21-Sep-25," 300,000.00 ","UGX 800,000.00",,,,
,,,,,"UGX 16,666.67","UGX 166,666.67",26-Oct-25," 200,000.00 ","UGX 600,000.00",,"UGX 600,000.00",KIMULI AND BASIR,
,,,INSTALLMENT,,"UGX 16,666.67","UGX 166,666.67",23-Nov-25,,"UGX 600,000.00",,,,
,,,"UGX 183,333.33",,"UGX 16,666.67","UGX 166,666.67",21-Dec-25,,"UGX 600,000.00",,,,
,,,,,"UGX 16,666.67","UGX 166,666.67",25-Jan-26,,"UGX 600,000.00",,,,
,,,,,"UGX 16,666.67","UGX 166,666.67",22-Feb-26,,"UGX 600,000.00",,,,
,,,LOAN TOTAL,"UGX 1,100,000.00","UGX 100,000.00","UGX 1,000,000.00",," 500,000.00 ",,UGX 0.00,,,
3,1,24/Jul/25,ANN NATUKUNDA," 2,000,000.00 ","UGX 33,333.33","UGX 333,333.33",21-Sep-25,,"UGX 2,200,000.00","UGX 18,333.33",,,
,,,,,"UGX 33,333.33","UGX 333,333.33",26-Oct-25,,"UGX 2,200,000.00",,"UGX 2,218,333.33",EMMA AND BRIAN,
,,,INSTALLMENT,,"UGX 33,333.33","UGX 333,333.33",23-Nov-25,,"UGX 2,200,000.00",,,,
,,,"UGX 366,666.67",,"UGX 33,333.33","UGX 333,333.33",21-Dec-25,,"UGX 2,200,000.00",,,,
,,,,,"UGX 33,333.33","UGX 333,333.33",25-Jan-26,,"UGX 2,200,000.00",,,,
,,,,,"UGX 33,333.33","UGX 333,333.33",22-Feb-26,,"UGX 2,200,000.00",,,,
,,,LOAN TOTAL,"UGX 2,200,000.00","UGX 200,000.00","UGX 2,000,000.00",, -   ,,"UGX 18,333.33",,,
4,23,29/Jul/25,MWESIGWA ELIPHAZI," 5,050,000.00 ","UGX 35,350.00","UGX 252,500.00",28 Sep 2025," 300,000 ","UGX 5,457,000.00",,,,
,,,,,"UGX 35,350.00","UGX 252,500.00",26/10/2025,,"UGX 5,457,000.00",,,,
,,,INSTALLMENT,,"UGX 35,350.00","UGX 252,500.00",23-Nov-25,,"UGX 5,457,000.00",,,,
,,,"UGX 287,850.00",,"UGX 35,350.00","UGX 252,500.00",21-Dec-25,,"UGX 5,457,000.00",,"UGX 5,457,000.00",ROSE AND BUZZI WC,
,,,,,"UGX 35,350.00","UGX 252,500.00",25-Jan-26,,"UGX 5,457,000.00",,,,
,,,,,"UGX 35,350.00","UGX 252,500.00",22-Feb-26,,"UGX 5,457,000.00",,,,
,,,,,"UGX 35,350.00","UGX 252,500.00",23-Mar-26,,"UGX 5,457,000.00",,,,
,,,,,"UGX 35,350.00","UGX 252,500.00",26/04/2026,,"UGX 5,457,000.00",,,,
,,,,,"UGX 35,350.00","UGX 252,500.00",24/05/2026,,"UGX 5,457,000.00",,,,
,,,,,"UGX 35,350.00","UGX 252,500.00",21/06/2026,,"UGX 5,457,000.00",,,,
,,,,,"UGX 35,350.00","UGX 252,500.00",26 Jul 2026,,"UGX 5,457,000.00",,,,
,,,,,"UGX 35,350.00","UGX 252,500.00",23 Aug 2026,,"UGX 5,457,000.00",,,,
,,,,,"UGX 35,350.00","UGX 252,500.00",20 Sep 2026,,"UGX 5,457,000.00",,,,
,,,,,"UGX 35,350.00","UGX 252,500.00",25 Oct 2026,,"UGX 5,457,000.00",,,,
,,,,,"UGX 35,350.00","UGX 252,500.00",22 Nov 2026,,"UGX 5,457,000.00",,,,
,,,,,"UGX 35,350.00","UGX 252,500.00",20 Dec 2026,,"UGX 5,457,000.00",,,,
,,,,,"UGX 35,350.00","UGX 252,500.00",24 Jan 2027,,"UGX 5,457,000.00",,,,
,,,,,"UGX 35,350.00","UGX 252,500.00",21 Feb 2027,,"UGX 5,457,000.00",,,,
,,,,,"UGX 35,350.00","UGX 252,500.00",21 Mar 2027,,"UGX 5,457,000.00",,,,
,,,,,"UGX 35,350.00","UGX 252,500.00",25 Apr 2027,,"UGX 5,457,000.00",,,,
,,,LOAN TOTAL,"UGX 5,757,000.00","UGX 707,000.00","UGX 5,050,000.00",," 300,000.00 ",,UGX 0.00,,,
5,13,23/Jul/25,MAGALA MARVIN," 26,000,000.00 ","UGX 182,000.00","UGX 1,300,000.00",21 Sep 2025," 1,482,000 ","UGX 28,158,000.00",,,,
,,,,,"UGX 182,000.00","UGX 1,300,000.00",26/10/2025,,"UGX 28,158,000.00",,,,
,,,INSTALLMENT,,"UGX 182,000.00","UGX 1,300,000.00",23-Nov-25,,"UGX 28,158,000.00",,,,
,,,"UGX 1,482,000.00",,"UGX 182,000.00","UGX 1,300,000.00",21-Dec-25,,"UGX 28,158,000.00",,"UGX 28,158,000.00",BRIDGET DOUGLAS AND JONNAH,
,,,,,"UGX 182,000.00","UGX 1,300,000.00",25-Jan-26,,"UGX 28,158,000.00",,,,
,,,,,"UGX 182,000.00","UGX 1,300,000.00",22-Feb-26,,"UGX 28,158,000.00",,, ,
,,,,,"UGX 182,000.00","UGX 1,300,000.00",22/03/2026,,"UGX 28,158,000.00",,,,
,,,,,"UGX 182,000.00","UGX 1,300,000.00",26/04/2026,,"UGX 28,158,000.00",,,,
,,,,,"UGX 182,000.00","UGX 1,300,000.00",24/05/2026,,"UGX 28,158,000.00",,,,
,,,,,"UGX 182,000.00","UGX 1,300,000.00",21/06/2026,,"UGX 28,158,000.00",,,,
,,,,,"UGX 182,000.00","UGX 1,300,000.00",26 Jul 2026,,"UGX 28,158,000.00",,,,
,,,,,"UGX 182,000.00","UGX 1,300,000.00",23 Aug 2026,,"UGX 28,158,000.00",,,,
,,,,,"UGX 182,000.00","UGX 1,300,000.00",20 Sep 2026,,"UGX 28,158,000.00",,,,
,,,,,"UGX 182,000.00","UGX 1,300,000.00",25 Oct 2026,,"UGX 28,158,000.00",,,,
,,,,,"UGX 182,000.00","UGX 1,300,000.00",22 Nov 2026,,"UGX 28,158,000.00",,,,
,,,,,"UGX 182,000.00","UGX 1,300,000.00",20 Dec 2026,,"UGX 28,158,000.00",,,,
,,,,,"UGX 182,000.00","UGX 1,300,000.00",24 Jan 2027,,"UGX 28,158,000.00",,,,
,,,,,"UGX 182,000.00","UGX 1,300,000.00",21 Feb 2027,,"UGX 28,158,000.00",,,,
,,,,,"UGX 182,000.00","UGX 1,300,000.00",21 Mar 2027,,"UGX 28,158,000.00",,,,
,,,,,"UGX 182,000.00","UGX 1,300,000.00",25 Apr 2027,,"UGX 28,158,000.00",,,,
,,,LOAN TOTAL,"UGX 29,640,000.00","UGX 3,640,000.00","UGX 26,000,000.00",," 1,482,000.00 ",,UGX 0.00,,,
6,4,31/Aug/25,NAMAKULA BRIDGET," 7,000,000.00 ","UGX 70,000.00","UGX 700,000.00",2 Nov 2025,,"UGX 7,700,000",,,,
,,,,,"UGX 70,000.00","UGX 700,000.00",7 Dec 2025,,"UGX 7,700,000",,,DOUGLAS  AND EMMA,
,,,INSTALLMENT,,"UGX 70,000.00","UGX 700,000.00",4 Jan 2026,,"UGX 7,700,000",,,,
,,,"UGX 770,000.00",,"UGX 70,000.00","UGX 700,000.00",1 Feb 2026,,"UGX 7,700,000",,"UGX 7,700,000.00",,
,,,,,"UGX 70,000.00","UGX 700,000.00",1 Mar 2026,,"UGX 7,700,000",,,,
,,,,,"UGX 70,000.00","UGX 700,000.00",5 Apr 2026,,"UGX 7,700,000",,,,
,,,,,"UGX 70,000.00","UGX 700,000.00",3 May 2026,,"UGX 7,700,000",,,,
,,,,,"UGX 70,000.00","UGX 700,000.00",7 Jun 2026,,"UGX 7,700,000",,,,
,,,,,"UGX 70,000.00","UGX 700,000.00",5 Jul 2026,,"UGX 7,700,000",,,,
,,,,,"UGX 70,000.00","UGX 700,000.00",2 Aug 2026,,"UGX 7,700,000",,,,
,,,LOAN TOTAL,"UGX 7,700,000.00","UGX 700,000.00","UGX 7,000,000.00",, -   ,,UGX 0.00,,,
7,13,20/Sep/25,SSERUNJOJI KYAZE," 15,000,000.00 ","UGX 105,000.00","UGX 750,000.00",23 Nov 2025,,"UGX 17,100,000.00",,,,
,,,,,"UGX 105,000.00","UGX 750,000.00",21/12/2025,,"UGX 17,100,000.00",,,,
,,,INSTALLMENT,,"UGX 105,000.00","UGX 750,000.00",25-Jan-26,,"UGX 17,100,000.00",,,,
,,,"UGX 855,000.00",,"UGX 105,000.00","UGX 750,000.00",22-Feb-26,,"UGX 17,100,000.00",,"UGX 17,100,000.00",MADIINA AND ROSE,
,,,,,"UGX 105,000.00","UGX 750,000.00",22-Mar-26,,"UGX 17,100,000.00",,,,
,,,,,"UGX 105,000.00","UGX 750,000.00",19-Apr-26,,"UGX 17,100,000.00",,, ,
,,,,,"UGX 105,000.00","UGX 750,000.00",24/05/2026,,"UGX 17,100,000.00",,,,
,,,,,"UGX 105,000.00","UGX 750,000.00",21/06/2026,,"UGX 17,100,000.00",,,,
,,,,,"UGX 105,000.00","UGX 750,000.00",26/07/2026,,"UGX 17,100,000.00",,,,
,,,,,"UGX 105,000.00","UGX 750,000.00",23/08/2026,,"UGX 17,100,000.00",,,,
,,,,,"UGX 105,000.00","UGX 750,000.00",20 Sep 2026,,"UGX 17,100,000.00",,,,
,,,,,"UGX 105,000.00","UGX 750,000.00",25 Oct 2026,,"UGX 17,100,000.00",,,,
,,,,,"UGX 105,000.00","UGX 750,000.00",22 Nov 2026,,"UGX 17,100,000.00",,,,
,,,,,"UGX 105,000.00","UGX 750,000.00",20 Dec 2026,,"UGX 17,100,000.00",,,,
,,,,,"UGX 105,000.00","UGX 750,000.00",24 Jan 2027,,"UGX 17,100,000.00",,,,
,,,,,"UGX 105,000.00","UGX 750,000.00",21 Feb 2027,,"UGX 17,100,000.00",,,,
,,,,,"UGX 105,000.00","UGX 750,000.00",21 Mar 2027,,"UGX 17,100,000.00",,,,
,,,,,"UGX 105,000.00","UGX 750,000.00",25 Apr 2027,,"UGX 17,100,000.00",,,,
,,,,,"UGX 105,000.00","UGX 750,000.00",23 May 2027,,"UGX 17,100,000.00",,,,
,,,,,"UGX 105,000.00","UGX 750,000.00",20 Jun 2027,,"UGX 17,100,000.00",,,,
,,,LOAN TOTAL,"UGX 17,100,000.00","UGX 2,100,000.00","UGX 15,000,000.00",, -   ,,UGX 0.00,,,
