   ,,,,,,,,,,,,,,,,,,,,,,,,,,,,,,,,,,,,,,,,,,,,,,,,,,,,,,,,,,,,,,,,,,,,,,,,,,,,,,,,,,,,,,,,,,,,,,,,,,,,,,,,,,,,,,,,,,,,,,,,,,,,,,,,,,,,,,,,,,,,,,,,,,,,,,,,,,,,,,,,,,,,,
,,,,,,,"Sunday, 6 July 2025",,,"Sunday, 13 July 2025",,,"Sunday, 20 July 2025",,,"Sunday, 27 July 2025",,,"Sunday, 3 August 2025",,,"Sunday, 10 August 2025",,,"Sunday, 17 August 2025",,,"Sunday, 24 August 2025",,,"Sunday, 31 August 2025",,,"Sunday, 7 September 2025",,,"Sunday, 14 September 2025",,,"Sunday, 21 September 2025",,,"Sunday, 28 September 2025",,,"Sunday, 5 October 2025",,,"Sunday, 12 October 2025",,,"Sunday, 19 October 2025",,,"Sunday, 26 October 2025",,,"Sunday, 2 November 2025",,,"Sunday, 9 November 2025",,,"Sunday, 16 November 2025",,,"Sunday, 23 November 2025",,,"Sunday, 30 November 2025",,,"Sunday, 7 December 2025",,,"Sunday, 14 December 2025",,,"Sunday, 21 December 2025",,,"Sunday, 28 December 2025",,,"Sunday, 4 January 2026",,,"Sunday, 11 January 2026",,,"Sunday, 18 January 2026",,,"Sunday, 25 January 2026",,,"Sunday, 1 February 2026",,,"Sunday, 8 February 2026",,,"Sunday, 15 February 2026",,,"Sunday, 22 February 2026",,,"Sunday, 1 March 2026",,,"Sunday, 8 March 2026",,,"Sunday, 15 March 2026",,,"Sunday, 22 March 2026",,,"Sunday, 29 March 2026",,,"Sunday, 5 April 2026",,,"Sunday, 12 April 2026",,,"Sunday, 19 April 2026",,,"Sunday, 26 April 2026",,,"Sunday, 3 May 2026",,,"Sunday, 10 May 2026",,,"Sunday, 17 May 2026",,,"Sunday, 24 May 2026",,,"Sunday, 31 May 2026",,,"Sunday, 7 June 2026",,,"Sunday, 14 June 2026",,,"Sunday, 21 June 2026",,,"Sunday, 28 June 2026",,,EXTRA WEEK,,
,,LOAN B/FORWARD,2025/2026 LOAN ISSUED,2025/2026 LOAN ISSUED+interst,REPAY'TS,LN BALANCE (without fines),REPAY'T,LOAN OUT,TOTAL,REPAY'T,LOAN OUT,TOTAL,REPAY'T,LOAN OUT,TOTAL,REPAY'T,LOAN OUT,TOTAL,REPAY'T,LOAN OUT,TOTAL,REPAY'T,LOAN OUT,TOTAL,REPAY'T,LOAN OUT,TOTAL,REPAY'T,LOAN OUT,TOTAL,REPAY'T,LOAN OUT,TOTAL,REPAY'T,LOAN OUT,TOTAL,REPAY'T,LOAN OUT,TOTAL,REPAY'T,LOAN OUT,TOTAL,REPAY'T,LOAN OUT,TOTAL,REPAY'T,LOAN OUT,TOTAL,REPAY'T,LOAN OUT,TOTAL,REPAY'T,LOAN OUT,TOTAL,REPAY'T,LOAN OUT,TOTAL,REPAY'T,LOAN OUT,TOTAL,REPAY'T,LOAN OUT,TOTAL,REPAY'T,LOAN OUT,TOTAL,REPAY'T,LOAN OUT,TOTAL,REPAY'T,LOAN OUT,TOTAL,REPAY'T,LOAN OUT,TOTAL,REPAY'T,LOAN OUT,TOTAL,REPAY'T,LOAN OUT,TOTAL,REPAY'T,LOAN OUT,TOTAL,REPAY'T,LOAN OUT,TOTAL,REPAY'T,LOAN OUT,TOTAL,REPAY'T,LOAN OUT,TOTAL,REPAY'T,LOAN OUT,TOTAL,REPAY'T,LOAN OUT,TOTAL,REPAY'T,LOAN OUT,TOTAL,REPAY'T,LOAN OUT,TOTAL,REPAY'T,LOAN OUT,TOTAL,REPAY'T,LOAN OUT,TOTAL,REPAY'T,LOAN OUT,TOTAL,REPAY'T,LOAN OUT,TOTAL,REPAY'T,LOAN OUT,TOTAL,REPAY'T,LOAN OUT,TOTAL,REPAY'T,LOAN OUT,TOTAL,REPAY'T,LOAN OUT,TOTAL,REPAY'T,LOAN OUT,TOTAL,REPAY'T,LOAN OUT,TOTAL,REPAY'T,LOAN OUT,TOTAL,REPAY'T,LOAN OUT,TOTAL,REPAY'T,LOAN OUT,TOTAL,REPAY'T,LOAN OUT,TOTAL,REPAY'T,LOAN OUT,TOTAL,REPAY'T,LOAN OUT,TOTAL,REPAY'T,LOAN OUT,TOTAL,REPAY'T,LOAN OUT,TOTAL,REPAY'T,LOAN OUT,TOTAL,REPAY'T,LOAN OUT,TOTAL
1,NATUKUNDA ANN, -   ," (2,000,000)"," (2,200,000)"," 500,000 "," (1,700,000)",0,0,0,0,0,0,0,"2,000,000","2,000,000",0,0,0,0,0,0,0,0,0,0,0,0,0,0,0,0,0,0,0,0,0,0,0,0,0,0,0,0,0,0,0,0,0,"500,000",0,"500,000",0,0,0,0,0,0,0,0,0,0,0,0,0,0,0,0,0,0,0,0,0,0,0,0,0,0,0,0,0,0,0,0,0,0,0,,0,0,0,0,0,0,0,0,0,0,0,0,0,0,0,0,0,0,0,0,0,0,0,0,0,0,0,0,0,0,0,0,0,0,0,0,0,0,0,0,0,0,0,0,0,0,0,0,0,0,0,0,0,0,0,0,0,0,0,0,0,0,0,0,0,0,0,0,0,0,0,0,0,0,0,0,0,0
2,MWESIGYE JONAH," (2,537,000)", -   ,, -   ," (2,537,000)",0,0,0,0,0,0,0,0,0,0,0,0,0,0,0,0,0,0,0,0,0,0,0,0,0,0,0,0,0,0,0,0,0,0,0,0,0,0,0,0,0,0,0,0,0,0,0,0,0,0,0,0,0,0,0,0,0,0,0,0,0,0,0,0,0,0,0,0,0,0,0,0,0,0,0,0,0,0,0,0,0,0,0,0,0,0,0,0,0,0,0,0,0,0,0,0,0,0,0,0,0,0,0,0,0,0,0,0,0,0,0,0,0,0,0,0,0,0,0,0,0,0,0,0,0,0,0,0,0,0,0,0,0,0,0,0,0,0,0,0,0,0,0,0,0,0,0,0,0,0,0,0,0,0,0,0,0,0,0
3,CHRISTOPHER MWESIGE," (5,390,000)", -   , -   , -   ," (5,390,000)",0,0,0,0,0,0,0,0,0,0,0,0,0,0,0,0,0,0,0,0,0,0,0,0,0,0,0,0,0,0,0,0,0,0,0,0,0,0,0,0,0,0,0,0,0,0,0,0,0,0,0,0,0,0,0,0,0,0,0,0,0,0,0,0,0,0,0,0,0,0,0,0,0,0,0,0,0,0,0,0,0,0,0,0,0,0,0,0,0,0,0,0,0,0,0,0,0,0,0,0,0,0,0,0,0,0,0,0,0,0,0,0,0,0,0,0,0,0,0,0,0,0,0,0,0,0,0,0,0,0,0,0,0,0,0,0,0,0,0,0,0,0,0,0,0,0,0,0,0,0,0,0,0,0,0,0,0,0,0
4,KIMULI BASIL," (7,700,000)", -   , -   ," 2,400,000 "," (5,300,000)",0,0,0,0,0,0,0,0,0,"800,000",0,"800,000",0,0,0,0,0,0,0,0,0,"800,000",0,"800,000",0,0,0,0,0,0,0,0,0,"200,000",0,"200,000","600,000",0,"600,000",0,0,0,0,0,0,0,0,0,0,0,0,0,0,0,0,0,0,0,0,0,0,0,0,0,0,0,0,0,0,0,0,0,0,0,0,0,0,0,0,0,0,0,0,0,0,0,0,0,0,0,0,0,0,0,0,0,0,0,0,0,0,0,0,0,0,0,0,0,0,0,0,0,0,0,0,0,0,0,0,0,0,0,0,0,0,0,0,0,0,0,0,0,0,0,0,0,0,0,0,0,0,0,0,0,0,0,0,0,0,0,0,0,0,0,0,0,0,0,0
5,SERUNJOJI JOHN K, -   ," (15,000,000)"," (17,100,000)", -   ," (17,100,000)",0,0,0,0,0,0,0,0,0,0,0,0,0,0,0,0,0,0,0,0,0,0,0,0,0,0,0,0,0,0,0,"15,000,000","15,000,000",0,0,0,0,0,0,0,0,0,0,0,0,0,0,0,0,0,0,0,0,0,0,0,0,0,0,0,0,0,0,0,0,0,0,0,0,0,0,0,0,0,0,0,0,0,0,0,0,0,0,0,0,0,0,0,0,0,0,0,0,0,0,0,0,0,0,0,0,0,0,0,0,0,0,0,0,0,0,0,0,0,0,0,0,0,0,0,0,0,0,0,0,0,0,0,0,0,0,0,0,0,0,0,0,0,0,0,0,0,0,0,0,0,0,0,0,0,0,0,0,0,0,0,0,0,0
6,NAKIDDE SUZAN MAVIS, -   , -   ,, -   , -   ,0,0,0,0,0,0,0,0,0,0,0,0,0,0,0,0,0,0,0,0,0,0,0,0,0,0,0,0,0,0,0,0,0,0,0,0,0,0,0,0,0,0,0,0,0,0,0,0,0,0,0,0,0,0,0,0,0,0,0,0,0,0,0,0,0,0,0,0,0,0,0,0,0,0,0,0,0,0,0,0,0,0,0,0,0,0,0,0,0,0,0,0,0,0,0,0,0,0,0,0,0,0,0,0,0,0,0,0,0,0,0,0,0,0,0,0,0,0,0,0,0,0,0,0,0,0,0,0,0,0,0,0,0,0,0,0,0,0,0,0,0,0,0,0,0,0,0,0,0,0,0,0,0,0,0,0,0,0,0
7,NASAAZI SHARON," (9,804,000)", -   , -   ," 1,500,000 "," (8,304,000)",0,0,0,0,0,0,0,0,0,"500,000",0,"500,000",0,0,0,0,0,0,0,0,0,0,0,0,"500,000",0,"500,000",0,0,0,0,0,0,"500,000",0,"500,000",0,0,0,0,0,0,0,0,0,0,0,0,0,0,0,0,0,0,0,0,0,0,0,0,0,0,0,0,0,0,0,0,0,0,0,0,0,0,0,0,0,0,0,0,0,0,0,0,0,0,0,0,0,0,0,0,0,0,0,0,0,0,0,0,0,0,0,0,0,0,0,0,0,0,0,0,0,0,0,0,0,0,0,0,0,0,0,0,0,0,0,0,0,0,0,0,0,0,0,0,0,0,0,0,0,0,0,0,0,0,0,0,0,0,0,0,0,0,0,0,0,0,0
8,BASIRIKA AIDAH," (3,300,000)", -   , -   ," 660,000 "," (2,640,000)",0,0,0,0,0,0,0,0,0,0,0,0,0,0,0,0,0,0,0,0,0,0,0,0,"330,000",0,"330,000",0,0,0,0,0,0,0,0,0,"330,000",0,"330,000",0,0,0,0,0,0,0,0,0,0,0,0,0,0,0,0,0,0,0,0,0,0,0,0,0,0,0,0,0,0,0,0,0,0,0,0,0,0,0,0,0,0,0,0,0,0,0,0,0,0,0,0,0,0,0,0,0,0,0,0,0,0,0,0,0,0,0,0,0,0,0,0,0,0,0,0,0,0,0,0,0,0,0,0,0,0,0,0,0,0,0,0,0,0,0,0,0,0,0,0,0,0,0,0,0,0,0,0,0,0,0,0,0,0,0,0,0,0,0,0
9,KUKKIRIZA EMMANUEL," (2,284,560)", -   , -   , -   ," (2,284,560)",0,0,0,0,0,0,0,0,0,0,0,0,0,0,0,0,0,0,0,0,0,0,0,0,0,0,0,0,0,0,0,0,0,0,0,0,0,0,0,0,0,0,0,0,0,0,0,0,0,0,0,0,0,0,0,0,0,0,0,0,0,0,0,0,0,0,0,0,0,0,0,0,0,0,0,0,0,0,0,0,0,0,0,0,0,,0,0,0,0,0,0,0,0,0,0,0,0,0,0,0,0,0,0,0,0,0,0,0,0,0,0,0,0,0,0,0,0,0,0,0,0,0,0,0,0,0,0,0,0,0,0,0,0,0,0,0,0,0,0,0,0,0,0,0,0,0,0,0,0,0,0,0,0,0,0,0,0,0
10,NASASIRA DAVID, -   ," (1,000,000)"," (1,100,000)"," 500,000 "," (600,000)",0,0,0,0,"1,000,000","1,000,000",0,0,0,0,0,0,0,0,0,0,0,0,0,0,0,0,0,0,"300,000",0,"300,000",0,0,0,0,0,0,0,0,0,0,0,0,"200,000",0,"200,000",0,0,0,0,0,0,0,0,0,0,0,0,0,0,0,0,0,0,0,0,0,0,0,0,0,0,0,0,0,0,0,0,0,0,0,0,0,0,0,0,0,0,0,0,0,0,0,0,0,0,0,0,0,0,0,0,0,0,0,0,0,0,0,0,0,0,0,0,0,0,0,0,0,0,0,0,0,0,0,0,0,0,0,0,0,0,0,0,0,0,0,0,0,0,0,0,0,0,0,0,0,0,0,0,0,0,0,0,0,0,0,0,0,0,0,0,0
11,JONAH MUHUMUZA," (2,970,000)", -   , -   ," 660,000 "," (2,310,000)","660,000",0,"660,000",0,0,0,0,0,0,0,0,0,0,0,0,0,0,0,0,0,0,0,0,0,0,0,0,0,0,0,0,0,0,0,0,0,0,0,0,0,0,0,0,0,0,0,0,0,0,0,0,0,0,0,0,0,0,0,0,0,0,0,0,0,0,0,0,0,0,0,0,0,0,0,0,0,0,0,0,0,0,0,0,0,0,0,0,0,0,0,0,0,0,0,0,0,0,0,0,0,0,0,0,0,0,0,0,0,0,0,0,0,0,0,0,0,0,0,0,0,0,0,0,0,0,0,0,0,0,0,0,0,0,0,0,0,0,0,0,0,0,0,0,0,0,0,0,0,0,0,0,0,0,0,0,0,0,0,0
12,SSEMWOGERERE DOUGLAS," (1,634,800)", -   , -   ," 1,635,000 ", 200 ,0,0,0,0,0,0,0,0,0,0,0,0,0,0,0,0,0,0,0,0,0,0,0,0,"1,635,000",0,"1,635,000",0,0,0,0,0,0,0,0,0,0,0,0,0,0,0,0,0,0,0,0,0,0,0,0,0,0,0,0,0,0,0,0,0,0,0,0,0,0,0,0,0,0,0,0,0,0,0,0,0,0,0,0,0,0,0,0,0,0,0,0,0,0,0,0,0,0,0,0,0,0,0,0,0,0,0,0,0,0,0,0,0,0,0,0,0,0,0,0,0,0,0,0,0,0,0,0,0,0,0,0,0,0,0,0,0,0,0,0,0,0,0,0,0,0,0,0,0,0,0,0,0,0,0,0,0,0,0,0,0,0,0,0
13,MAGALA MARVIN, -   ," (26,000,000)"," (29,640,000)"," 1,482,000 "," (28,158,000)",0,0,0,0,0,0,0,"26,000,000","26,000,000",0,0,0,0,0,0,0,0,0,0,0,0,0,0,0,0,0,0,0,0,0,0,0,0,0,0,0,"1,482,000",0,"1,482,000",0,0,0,0,0,0,0,0,0,0,0,0,0,0,0,0,0,0,0,0,0,0,0,0,0,0,0,0,0,0,0,0,0,0,0,0,0,0,0,0,0,0,0,0,0,0,0,0,0,0,0,0,0,0,0,0,0,0,0,0,0,0,0,0,0,0,0,0,0,0,0,0,0,0,0,0,0,0,0,0,0,0,0,0,0,0,0,0,0,0,0,0,0,0,0,0,0,0,0,0,0,0,0,0,0,0,0,0,0,0,0,0,0,0,0,0,0,0,0,0
14,BABIRYE CLAIRE," (2,200,000)", -   , -   , -   ," (2,200,000)",0,0,0,0,0,0,0,0,0,0,0,0,0,0,0,0,0,0,0,0,0,0,0,0,0,0,0,0,0,0,0,0,0,0,0,0,0,0,0,0,0,0,0,0,0,0,0,0,0,0,0,0,0,0,0,0,0,0,0,0,0,0,0,0,0,0,0,0,0,0,0,0,0,0,0,0,0,0,0,0,0,0,0,0,0,0,0,0,0,0,0,0,0,0,0,0,0,0,0,0,0,0,0,0,0,0,0,0,0,0,0,0,0,0,0,0,0,0,0,0,0,0,0,0,0,0,0,0,0,0,0,0,0,0,0,0,0,0,0,0,0,0,0,0,0,0,0,0,0,0,0,0,0,0,0,0,0,0,0
15,NANCY KAZIBWE," (550,000)", -   , -   ," 550,000 ", -   ,0,0,0,0,0,0,0,0,0,0,0,0,"500,000",0,"500,000",0,0,0,0,0,0,0,0,0,0,0,0,"50,000",0,"50,000",0,0,0,0,0,0,0,0,0,0,0,0,0,0,0,0,0,0,0,0,0,0,0,0,0,0,0,0,0,0,0,0,0,0,0,0,0,0,0,0,0,0,0,0,0,0,0,0,0,0,0,0,0,0,0,0,0,0,0,0,0,0,0,0,0,0,0,0,0,0,0,0,0,0,0,0,0,0,0,0,0,0,0,0,0,0,0,0,0,0,0,0,0,0,0,0,0,0,0,0,0,0,0,0,0,0,0,0,0,0,0,0,0,0,0,0,0,0,0,0,0,0,0,0,0,0,0,0,0
16,SSENYUNGULE SHARIF," (5,007,800)", -   ,," 290,700 "," (4,717,100)",0,0,0,0,0,0,0,0,0,0,0,0,"290,700",0,"290,700",0,0,0,0,0,0,0,0,0,0,0,0,0,0,0,0,0,0,0,0,0,0,0,0,0,0,0,0,0,0,0,0,0,0,0,0,0,0,0,0,0,0,0,0,0,0,0,0,0,0,0,0,0,0,0,0,0,0,0,0,0,0,0,0,0,0,0,0,0,0,0,0,0,0,0,0,0,0,0,0,0,0,0,0,0,0,0,0,0,0,0,0,0,0,0,0,0,0,0,0,0,0,0,0,0,0,0,0,0,0,0,0,0,0,0,0,0,0,0,0,0,0,0,0,0,0,0,0,0,0,0,0,0,0,0,0,0,0,0,0,0,0,0,0
17,MUHIIRWE MADIINAH," (4,078,750)", -   , -   ," 1,500,000 "," (2,578,750)","500,000",0,"500,000",0,0,0,0,0,0,0,0,0,0,0,0,0,0,0,0,0,0,0,0,0,0,0,0,"500,000",0,"500,000",0,0,0,0,0,0,0,0,0,0,0,0,"500,000",0,"500,000",0,0,0,0,0,0,0,0,0,0,0,0,0,0,0,0,0,0,0,0,0,0,0,0,0,0,0,0,0,0,0,0,0,0,0,0,0,0,0,0,0,0,0,0,0,0,0,0,0,0,0,0,0,0,0,0,0,0,0,0,0,0,0,0,0,0,0,0,0,0,0,0,0,0,0,0,0,0,0,0,0,0,0,0,0,0,0,0,0,0,0,0,0,0,0,0,0,0,0,0,0,0,0,0,0,0,0,0,0,0,0,0,0,0
18,ROSE NAKALEMA," (4,200,000)", -   , -   ," 4,200,000 ", -   ,"4,200,000",0,"4,200,000",0,0,0,0,0,0,0,0,0,0,0,0,0,0,0,0,0,0,0,0,0,0,0,,0,0,0,0,0,0,0,0,0,0,0,0,0,0,0,0,0,0,0,0,0,0,0,,0,0,0,0,0,0,0,0,0,0,0,0,0,0,0,0,0,0,0,0,0,0,0,0,0,0,0,0,0,0,0,0,0,0,0,0,0,0,0,0,0,0,0,0,0,0,0,0,0,0,0,0,0,0,0,0,0,0,0,0,0,0,0,0,0,0,0,0,0,0,0,0,0,0,0,0,0,0,0,0,0,0,0,0,0,0,0,0,0,0,0,0,0,0,0,0,0,0,0,0,0,0,0,0,0,0,0,0
19,NAMAKULA BRIDGET," (770,000)"," (7,000,000)"," (7,700,000)"," 770,000 "," (7,700,000)",0,0,0,0,0,0,0,0,0,0,0,0,"385,000",0,"385,000",0,0,0,0,0,0,0,0,0,"385,000","7,000,000","6,615,000",0,0,0,0,0,0,0,0,0,0,0,0,0,0,0,0,0,0,0,0,0,0,0,0,0,0,0,0,0,0,0,0,0,0,0,0,0,0,0,0,0,0,0,0,0,0,0,0,0,0,0,0,0,0,0,0,0,0,0,0,0,0,0,0,0,0,0,0,0,0,0,0,0,0,0,0,0,0,0,0,0,0,0,0,0,0,0,0,0,0,0,0,0,0,0,0,0,0,0,0,0,0,0,0,0,0,0,0,0,0,0,0,0,0,0,0,0,0,0,0,0,0,0,0,0,0,0,0,0,0,0,0
20,BUZZI WC, 0 , -   , -   , -   , 0 ,0,0,0,0,0,0,0,0,0,0,0,0,0,0,0,0,0,0,0,0,0,0,0,0,0,0,0,0,0,0,0,0,0,0,0,0,0,0,0,0,0,0,0,0,0,0,0,0,0,0,0,0,0,0,0,0,0,0,0,0,0,0,0,0,0,0,0,0,0,0,0,0,0,0,0,0,0,0,0,0,0,0,0,0,0,0,0,0,0,0,0,0,0,0,0,0,0,0,0,0,0,0,0,0,0,0,0,0,0,0,0,0,0,0,0,0,0,0,0,0,0,0,0,0,0,0,0,0,0,0,0,0,0,0,0,0,0,0,0,0,0,0,0,0,0,0,0,0,0,0,0,0,0,0,0,0,0,0,0
21,KAWALYA BRIAN, -   , -   , -   , -   , -   ,0,0,0,0,0,0,0,0,0,0,0,0,0,0,0,0,0,0,0,0,0,0,0,0,0,0,0,0,0,0,0,0,0,0,0,0,0,0,0,0,0,0,0,0,0,0,0,0,0,0,0,0,0,0,0,0,0,0,0,0,0,0,0,0,0,0,0,0,0,0,0,0,0,0,0,0,0,0,0,0,0,0,0,0,0,0,0,0,0,0,0,0,0,0,0,0,0,0,0,0,0,0,0,0,0,0,0,0,0,0,0,0,0,0,0,0,0,0,0,0,0,0,0,0,0,0,0,0,0,0,0,0,0,0,0,0,0,0,0,0,0,0,0,0,0,0,0,0,0,0,0,0,0,0,0,0,0,0,0
22,GILLIAN  .A, -   , -   , -   , -   , -   ,0,0,0,0,0,0,0,0,0,0,0,0,0,0,0,0,0,0,0,0,0,0,0,0,0,0,0,0,0,0,0,0,0,0,0,0,0,0,0,0,0,0,0,0,0,0,0,0,0,0,0,0,0,0,0,0,0,0,0,0,0,0,0,0,0,0,0,0,0,0,0,0,0,0,0,0,0,0,0,0,0,0,0,0,0,0,0,0,0,0,0,0,0,0,0,0,0,0,0,0,0,0,0,0,0,0,0,0,0,0,0,0,0,0,0,0,0,0,0,0,0,0,0,0,0,0,0,0,0,0,0,0,0,0,0,0,0,0,0,0,0,0,0,0,0,0,0,0,0,0,0,0,0,0,0,0,0,0,0
23,MWESIGWA ELIPHAZI, -   ," (5,050,000)"," (5,757,000)"," 300,000 "," (5,457,000)",0,0,0,0,0,0,0,0,0,0,"5,050,000","5,050,000",0,0,0,0,0,0,0,0,0,0,0,0,0,0,0,0,0,0,0,0,0,"300,000",0,"300,000",0,0,0,0,0,0,0,0,0,0,0,0,0,0,0,0,0,0,0,0,0,0,0,0,0,0,0,0,0,0,0,0,0,0,0,0,0,0,0,0,0,0,0,0,0,0,0,0,0,0,0,0,0,0,0,0,0,0,0,0,0,0,0,0,0,0,0,0,0,0,0,0,0,0,0,0,0,0,0,0,0,0,0,0,0,0,0,0,0,0,0,0,0,0,0,0,0,0,0,0,0,0,0,0,0,0,0,0,0,0,0,0,0,0,0,0,0,0,0,0,0,0,0
24,MUKIIBI MIIKE, -   ," (400,000)"," (420,000)"," 315,000 "," (105,000)",0,"400,000","400,000",0,0,0,0,0,0,"105,000",0,"105,000",0,0,0,0,0,0,0,0,0,"110,000",0,"110,000",0,0,0,0,0,0,0,0,0,0,0,0,"100,000",0,"100,000",0,0,0,0,0,0,0,0,0,0,0,0,0,0,0,0,0,0,0,0,0,0,0,0,0,0,0,0,0,0,0,0,0,0,0,0,0,0,0,0,0,0,0,0,0,0,0,0,0,0,0,0,0,0,0,0,0,0,0,0,0,0,0,0,0,0,0,0,0,0,0,0,0,0,0,0,0,0,0,0,0,0,0,0,0,0,0,0,0,0,0,0,0,0,0,0,0,0,0,0,0,0,0,0,0,0,0,0,0,0,0,0,0,0,0,0,0,0,0,0
25,KAMOGA MAHAD, -   , -   , -   , -   , -   ,0,0,0,0,0,0,0,0,0,0,0,0,0,0,0,0,0,0,0,0,0,0,0,0,0,0,0,0,0,0,0,0,0,0,0,0,0,0,0,0,0,0,0,0,0,0,0,0,0,0,0,0,0,0,0,0,0,0,0,0,0,0,0,0,0,0,0,0,0,0,0,0,0,0,0,0,0,0,0,0,0,0,0,0,0,0,0,0,0,0,0,0,0,0,0,0,0,0,0,0,0,0,0,0,0,0,0,0,0,0,0,0,0,0,0,0,0,0,0,0,0,0,0,0,0,0,0,0,0,0,0,0,0,0,0,0,0,0,0,0,0,0,0,0,0,0,0,0,0,0,0,0,0,0,0,0,0,0,0
26,NKONO MICHAEL, -   , -   , -   , -   , -   ,0,0,0,0,0,0,0,0,0,0,0,0,0,0,0,0,0,0,0,0,0,0,0,0,0,0,0,0,0,0,0,0,0,0,0,0,0,0,0,0,0,0,0,0,0,0,0,0,0,0,0,0,0,0,0,0,0,0,0,0,0,0,0,0,0,0,0,0,0,0,0,0,0,0,0,0,0,0,0,0,0,0,0,0,0,0,0,0,0,0,0,0,0,0,0,0,0,0,0,0,0,0,0,0,0,0,0,0,0,0,0,0,0,0,0,0,0,0,0,0,0,0,0,0,0,0,0,0,0,0,0,0,0,0,0,0,0,0,0,0,0,0,0,0,0,0,0,0,0,0,0,0,0,0,0,0,0,0,0
27,EVE KAMPIIRE, -   , -   , -   , -   , -   ,0,0,0,0,0,0,0,0,0,0,0,0,0,0,0,0,0,0,0,0,0,0,0,0,0,0,0,0,0,0,0,0,0,0,0,0,0,0,0,0,0,0,0,0,0,0,0,0,0,0,0,0,0,0,0,0,0,0,0,0,0,0,0,0,0,0,0,0,0,0,0,0,0,0,0,0,0,0,0,0,0,0,0,0,0,0,0,0,0,0,0,0,0,0,0,0,0,0,0,0,0,0,0,0,0,0,0,0,0,0,0,0,0,0,0,0,0,0,0,0,0,0,0,0,0,0,0,0,0,0,0,0,0,0,0,0,0,0,0,0,0,0,0,0,0,0,0,0,0,0,0,0,0,0,0,0,0,0,0
28,LILLIAN NAMAGANDA, -   , -   , -   , -   , -   ,0,0,0,0,0,0,0,0,0,0,0,0,0,0,0,0,0,0,0,0,0,0,0,0,0,0,0,0,0,0,0,0,0,0,0,0,0,0,0,0,0,0,0,0,0,0,0,0,0,0,0,0,0,0,0,0,0,0,0,0,0,0,0,0,0,0,0,0,0,0,0,0,0,0,0,0,0,0,0,0,0,0,0,0,0,0,0,0,0,0,0,0,0,0,0,0,0,0,0,0,0,0,0,0,0,0,0,0,0,0,0,0,0,0,0,0,0,0,0,0,0,0,0,0,0,0,0,0,0,0,0,0,0,0,0,0,0,0,0,0,0,0,0,0,0,0,0,0,0,0,0,0,0,0,0,0,0,0,0
29,NAMAYEGA ANNET, -   , -   , -   , -   , -   ,0,0,0,0,0,0,0,0,0,0,0,0,0,0,0,0,0,0,0,0,0,0,0,0,0,0,0,0,0,0,0,0,0,0,0,0,0,0,0,0,0,0,0,0,0,0,0,0,0,0,0,0,0,0,0,0,0,0,0,0,0,0,0,0,0,0,0,0,0,0,0,0,0,0,0,0,0,0,0,0,0,0,0,0,0,0,0,0,0,0,0,0,0,0,0,0,0,0,0,0,0,0,0,0,0,0,0,0,0,0,0,0,0,0,0,0,0,0,0,0,0,0,0,0,0,0,0,0,0,0,0,0,0,0,0,0,0,0,0,0,0,0,0,0,0,0,0,0,0,0,0,0,0,0,0,0,0,0,0
30,NALULE PROSSY, -   , -   , -   , -   , -   ,0,0,0,0,0,0,0,0,0,0,0,0,0,0,0,0,0,0,0,0,0,0,0,0,0,0,0,0,0,0,0,0,0,0,0,0,0,0,0,0,0,0,0,0,0,0,0,0,0,0,0,0,0,0,0,0,0,0,0,0,0,0,0,0,0,0,0,0,0,0,0,0,0,0,0,0,0,0,0,0,0,0,0,0,0,0,0,0,0,0,0,0,0,0,0,0,0,0,0,0,0,0,0,0,0,0,0,0,0,0,0,0,0,0,0,0,0,0,0,0,0,0,0,0,0,0,0,0,0,0,0,0,0,0,0,0,0,0,0,0,0,0,0,0,0,0,0,0,0,0,0,0,0,0,0,0,0,0,0
,TOTALS," (52,426,910)"," (56,450,000)",," 17,262,700 "," (99,081,210)"," 5,360,000 "," (400,000)"," 4,960,000 ", -   ," (1,000,000)"," (1,000,000)", -   ," (28,000,000)"," (28,000,000)"," 1,405,000 "," (5,050,000)"," (3,645,000)"," 1,175,700 ", -   ," 1,175,700 ", -   , -   , -   , -   , -   , -   ," 910,000 ", -   ," 910,000 "," 3,150,000 "," (7,000,000)"," (3,850,000)"," 550,000 ", -   ," 550,000 ", -   ," (15,000,000)"," (15,000,000)"," 1,000,000 ", -   ," 1,000,000 "," 2,512,000 ", -   ," 2,512,000 "," 200,000 ", -   ," 200,000 "," 1,000,000 ", -   ," 1,000,000 ", -   , -   , -   , -   , -   , -   , -   , -   , -   , -   , -   , -   , -   , -   , -   , -   , -   , -   , -   , -   , -   , -   , -   , -   , -   , -   , -   , -   , -   , -   , -   , -   , -   , -   , -   , -   , -   , -   , -   , -   , -   , -   , -   , -   , -   , -   , -   , -   , -   , -   , -   , -   , -   , -   , -   , -   , -   , -   , -   , -   , -   , -   , -   , -   , -   , -   , -   , -   , -   , -   , -   , -   , -   , -   , -   , -   , -   , -   , -   , -   , -   , -   , -   , -   , -   , -   , -   , -   , -   , -   , -   , -   , -   , -   , -   , -   , -   , -   , -   , -   , -   , -   , -   , -   , -   , -   , -   , -   , -   , -   , -   , -   , -   , -   
,,,,,,,,,,,,,,,,,,,,,,,,,,,,,,,,,,,,,,,,,,,,,,,,,,,,,,,,,,,,,,,,,,,,,,,,,,,,,,,,,,,,,,,,,,,,,,,,,,,,,,,,,,,,,,,,,,,,,,,,,,,,,,,,,,,,,,,,,,,,,,,,,,,,,,,,,,,,,,,,,,,,,
