,,START,Jul-25,Aug-25,Sep-25,Oct-25,Nov-25,Dec-25,Jan-26,Feb-26,Mar-26,Apr-26,May-26,Jun-26,year 2024/2025totals,current year savings,
,NAME,SAVINGS,,,,,,,,,,,,,,,
 1 ,NATUKUNDA ANN," 1,223,000 ",200000,125000,100000,25000,0,0,0,0,0,0,0, - ," 1,673,000 "," 450,000 ",
 2 ,MWESIGYE JONAH," 114,294 ",0,0,0,0,0,0,0,0,0,0,0, - ," 114,294 ", - ,
 3 ,CHRISTOPHER MWESIGE," 2,653,050 ",100000,0,0,0,0,0,0,0,0,0,0, - ," 2,753,050 "," 100,000 ",
 4 ,KIMULI BASIL," 4,690,476 ",50000,0,100000,0,0,0,0,0,0,0,0, - ," 4,840,476 "," 150,000 ",
 5 ,SERUNJOJI JOHN K," 6,923,049 ",200000,400000,275000,100000,0,0,0,0,0,0,0, - ," 7,898,049 "," 975,000 ",
 6 ,NAKIDDE SUZAN MAVIS," (61,000)",0,500000,400000,200000,0,0,0,0,0,0,0, - ," 1,039,000 "," 1,100,000 ",
 7 ,NASAAZI SHARON," 6,622,800 ",500000,300000,300000,150000,0,0,0,0,0,0,0, - ," 7,872,800 "," 1,250,000 ",
 8 ,BASIRIKA AIDAH," 6,484,330 ",500000,625000,500000,250000,0,0,0,0,0,0,0, - ," 8,359,330 "," 1,875,000 ",
 9 ,KUKKIRIZA EMMANUEL," 2,525,076 ",100000,250000,200000,100000,0,0,0,0,0,0,0, - ," 3,175,076 "," 650,000 ",
 10 ,NASASIRA DAVID," 569,000 ",175000,275000,50000,25000,0,0,0,0,0,0,0, - ," 1,094,000 "," 525,000 ",
 11 ,JONAH MUHUMUZA," 2,316,000 ",200000,250000,100000,25000,0,0,0,0,0,0,0, - ," 2,891,000 "," 575,000 ",
 12 ,SSEMWOGERERE DOUGLAS," 6,593,000 ",150000,0,175000,75000,0,0,0,0,0,0,0, - ," 6,993,000 "," 400,000 ",
 13 ,MAGALA MARVIN," 13,022,000 ",150000,0,125000,75000,0,0,0,0,0,0,0, - ," 13,372,000 "," 350,000 ",
 14 ,BABIRYE CLAIRE," 984,296 ",25000,0,50000,0,0,0,0,0,0,0,0, - ," 1,059,296 "," 75,000 ",
 15 ,NANCY KAZIBWE," 2,998,250 ",0,0,50000,0,0,0,0,0,0,0,0, - ," 3,048,250 "," 50,000 ",
 16 ,SSENYUNGULE SHARIF," 2,467,815 ",0,125000,0,0,0,0,0,0,0,0,0, - ," 2,592,815 "," 125,000 ",
 17 ,MUHIIRWE MADIINAH," 5,214,050 ",100000,100000,0,0,0,0,0,0,0,0,0, - ," 5,414,050 "," 200,000 ",
 18 ,ROSE NAKALEMA," 8,580,000 ",100000,100000,100000,25000,0,0,0,0,0,0,0, - ," 8,905,000 "," 325,000 ",
 19 ,NAMAKULA BRIDGET," 6,321,000 ",0,125000,0,0,0,0,0,0,0,0,0, - ," 6,446,000 "," 125,000 ",
 20 ,BUZZI WC," 2,314,000 ",200000,375000,400000,225000,0,0,0,0,0,0,0, - ," 3,514,000 "," 1,200,000 ",
 21 ,KAWALYA BRIAN," 7,205,600 ",500000,625000,500000,250000,0,0,0,0,0,0,0, - ," 9,080,600 "," 1,875,000 ",
 22 ,GILLIAN  .A," 1,714,000 ",200000,200000,500000,175000,0,0,0,0,0,0,0, - ," 2,789,000 "," 1,075,000 ",
 23 ,MWESIGWA ELIPHAZI," 3,166,106 ",100000,125000,125000,50000,0,0,0,0,0,0,0, - ," 3,566,106 "," 400,000 ",
 24 ,MUKIIBI MIIKE," 1,653,000 ",100000,125000,100000,50000,0,0,0,0,0,0,0, - ," 2,028,000 "," 375,000 ",
 25 ,KAMOGA MAHAD," 1,275,000 ",100000,125000,100000,50000,0,0,0,0,0,0,0, - ," 1,650,000 "," 375,000 ",
 26 ,NKONO MICHAEL," 113,754 ",50000,50000,0,0,0,0,0,0,0,0,0, - ," 213,754 "," 100,000 ",
 27 ,EVE KAMPIIRE," 1,525,000 ",200000,250000,100000,50000,0,0,0,0,0,0,0, - ," 2,125,000 "," 600,000 ",
 28 ,LILLIAN NAMAGANDA, -   ,75000,200000,200000,100000,0,0,0,0,0,0,0, - ," 575,000 "," 575,000 ",
 29 ,NAMAYEGA ANNET, -   ,0,0,500000,250000,0,0,0,0,0,0,0, - ," 750,000 "," 750,000 ",
 30 ,NALULE PROSSY, -   ,0,75000,100000,50000,0,0,0,0,0,0,0, - ," 225,000 "," 225,000 ",
,TOTAL, -   ,4075000,5325000,5150000,2300000,0,0,0,0,0,0,0,0," 16,850,000 "," 16,850,000 ",
,," 99,206,946 "," 4,075,000 "," 5,325,000 "," 5,150,000 "," 2,300,000 ", -   , -   , -   , -   , -   , -   , -   , -   ," 116,056,946 ",,
,,,,,,,,,,,,,,,,,
,,,,,,,,,,,,,,,,,
